0.051631094,0.453711699,0.310158461,1
0.050587153,0.399240994,0.316204186,2
0.064103019,0.440341577,0.268393395,3
0.052328847,0.237300507,0.154782393,4
0.04889838,0.12368371,0.023336598,5
0.075239666,0.032882209,0.041117815,6
0.059981297,0.045855514,0.037891739,7
0.068865982,0.060472894,0.064300306,8
0.06784392,0.06088703,0.047271277,9
0.075456288,0.069370195,0.063592673,10
0.086007283,0.075531267,0.057672186,11
0.095304241,0.071831242,0.068318277,12
0.101300656,0.08524908,0.06176717,13
0.091865925,0.07624086,0.078866443,14
0.102350167,0.089383968,0.105865661,15
0.112815715,0.095811253,0.085274381,16
0.102064663,0.102554791,0.101692638,17
0.121512978,0.104064663,0.104790867,18
0.115372524,0.117231883,0.105488607,19
0.118321812,0.132825592,0.116641602,20
0.137517083,0.115049322,0.128624944,21
0.13347804,0.144513519,0.138738748,22
0.155549523,0.143840955,0.137937947,23
0.160230275,0.148630571,0.128491855,24
0.166990779,0.151078268,0.145950309,25
0.164284441,0.151314759,0.162827645,26
0.18040632,0.133874175,0.157959007,27
0.17362529,0.152325305,0.1467249,28
0.187038805,0.178431477,0.167800643,29
0.1838679,0.184750133,0.169710146,30
0.183280986,0.176596042,0.179714666,31
0.198434113,0.187624644,0.163597375,32
0.20002748,0.204221101,0.186765369,33
0.208053056,0.203246143,0.176466224,34
0.209337263,0.210247512,0.198978726,35
0.219946567,0.207700465,0.20351052,36
0.217110235,0.211865437,0.213526489,37
0.235431816,0.212869453,0.210300075,38
0.230438095,0.226696498,0.223643348,39
0.229179146,0.228152195,0.222738827,40
Dataset,User Number,Itemset Size,Dummy Item Proportion,k,Candidate Set Size,Privacy_Parameter,User Itemset Size,RE1,RE2,NDCG1,NDCG2,Start Time,Finishe Time
Random_Itemset_different_privacy_050_1e5_true_3,500000,1000,0.063566,1,2,1,50,0.19392432694639819,0.49741612094753018,0.98870000000000002,0.98870000000000002,2018-05-24 21:35:22.821000,2018-05-24 21:37:01.670000
Random_Itemset_different_privacy_050_1e5_true_3,500000,1000,0.063566,2,4,1,50,0.17852081286735799,0.56288216217812626,0.98924999999999996,0.98934999999999995,2018-05-24 21:35:22.821000,2018-05-24 21:38:07.655000
Random_Itemset_different_privacy_050_1e5_true_3,500000,1000,0.063566,3,6,1,50,0.16384633034336252,0.44836678214341602,0.99232445008023673,0.99268056260029558,2018-05-24 21:35:22.821000,2018-05-24 21:39:14.376000
Random_Itemset_different_privacy_050_1e5_true_3,500000,1000,0.063566,4,8,1,50,0.18114740002937518,0.72429828520197725,0.98664218177895413,0.98716918178529978,2018-05-24 21:35:22.821000,2018-05-24 21:40:30.818000
Random_Itemset_different_privacy_050_1e5_true_3,500000,1000,0.063566,5,10,1,50,0.15526688733730071,0.22208894146464103,0.99125598583983832,0.99236134023467026,2018-05-24 21:35:22.821000,2018-05-24 21:41:39.069000
Random_Itemset_different_privacy_050_1e5_true_3,500000,1000,0.063566,6,12,1,50,0.15973046242597283,0.36454092928437365,0.98757870417082994,0.98922977519747657,2018-05-24 21:35:22.821000,2018-05-24 21:42:46.940000
Random_Itemset_different_privacy_050_1e5_true_3,500000,1000,0.063566,7,14,1,50,0.17943124217938117,0.34019851031600534,0.98593953777490884,0.98698589599128295,2018-05-24 21:35:22.821000,2018-05-24 21:43:54.929000
Random_Itemset_different_privacy_050_1e5_true_3,500000,1000,0.063566,8,16,1,50,0.15576581095714667,0.12697717281597357,0.98851725148536418,0.99042348048543583,2018-05-24 21:35:22.821000,2018-05-24 21:45:04.358000
Random_Itemset_different_privacy_050_1e5_true_3,500000,1000,0.063566,9,18,1,50,0.1607220769922415,0.11521925840708207,0.9910989995605044,0.99279639993456148,2018-05-24 21:35:22.821000,2018-05-24 21:46:14.008000
Random_Itemset_different_privacy_050_1e5_true_3,500000,1000,0.063566,10,20,1,50,0.15946312112232638,0.10052351654831526,0.98920784183547394,0.99115988522223242,2018-05-24 21:35:22.821000,2018-05-24 21:47:23.733000
Random_Itemset_different_privacy_050_1e5_true_3,500000,1000,0.063566,11,22,1,50,0.18557757847271109,0.11108622535667009,0.98969622220855746,0.99224698816701107,2018-05-24 21:35:22.821000,2018-05-24 21:48:48.050000
Random_Itemset_different_privacy_050_1e5_true_3,500000,1000,0.063566,12,24,1,50,0.18503899683018818,0.12147534220831124,0.99035849235271256,0.99282482085366408,2018-05-24 21:35:22.821000,2018-05-24 21:49:59.701000
Random_Itemset_different_privacy_050_1e5_true_3,500000,1000,0.063566,13,26,1,50,0.16180272787398128,0.12862190199969253,0.9896937610730111,0.99203868256424244,2018-05-24 21:35:22.821000,2018-05-24 21:51:15.610000
Random_Itemset_different_privacy_050_1e5_true_3,500000,1000,0.063566,14,28,1,50,0.15401916917333408,0.14335956888350462,0.98804046218150066,0.99000188218632046,2018-05-24 21:35:22.821000,2018-05-24 21:52:30.270000
Random_Itemset_different_privacy_050_1e5_true_3,500000,1000,0.063566,15,30,1,50,0.18552906066833613,0.15184141274961976,0.98770785683108409,0.99046431753329323,2018-05-24 21:35:22.821000,2018-05-24 21:53:48.887000
Random_Itemset_different_privacy_050_1e5_true_3,500000,1000,0.063566,16,32,1,50,0.1608215205409193,0.14898409429684892,0.98662794138410914,0.98825416461214,2018-05-24 21:35:22.821000,2018-05-24 21:55:09.620000
Random_Itemset_different_privacy_050_1e5_true_3,500000,1000,0.063566,17,34,1,50,0.17271826099216187,0.15162666300897132,0.98689226865976887,0.98865687526678325,2018-05-24 21:35:22.821000,2018-05-24 21:56:32.102000
Random_Itemset_different_privacy_050_1e5_true_3,500000,1000,0.063566,18,36,1,50,0.16236834163231723,0.16445234020344052,0.98914778311335427,0.99134414150519812,2018-05-24 21:35:22.821000,2018-05-24 21:57:55.312000
Random_Itemset_different_privacy_050_1e5_true_3,500000,1000,0.063566,19,38,1,50,0.17459923148199169,0.16532423817088368,0.98859907122289026,0.99127275010696958,2018-05-24 21:35:22.821000,2018-05-24 21:59:25.103000
Random_Itemset_different_privacy_050_1e5_true_3,500000,1000,0.063566,20,40,1,50,0.16085221992126381,0.16681472309282125,0.98898444708452438,0.99036159541324853,2018-05-24 21:35:22.821000,2018-05-24 22:00:51.723000
Random_Itemset_different_privacy_050_1e5_true_3,500000,1000,0.063566,21,42,1,50,0.18476611379078117,0.20098953890174517,0.9884596112212517,0.99185970041072513,2018-05-24 21:35:22.821000,2018-05-24 22:02:21.384000
Random_Itemset_different_privacy_050_1e5_true_3,500000,1000,0.063566,22,44,1,50,0.15173052666608705,0.18189305167873587,0.9874455681025337,0.98975094814142628,2018-05-24 21:35:22.821000,2018-05-24 22:03:47.741000
Random_Itemset_different_privacy_050_1e5_true_3,500000,1000,0.063566,23,46,1,50,0.16090818468525458,0.20460639850922338,0.98673994877192528,0.98816774929223461,2018-05-24 21:35:22.821000,2018-05-24 22:05:07.425000
Random_Itemset_different_privacy_050_1e5_true_3,500000,1000,0.063566,24,48,1,50,0.21964786635040195,0.20496642302860071,0.98561477173934953,0.98766329011864218,2018-05-24 21:35:22.821000,2018-05-24 22:06:30.351000
Random_Itemset_different_privacy_050_1e5_true_3,500000,1000,0.063566,25,50,1,50,0.1996053246494639,0.21882864989317735,0.98478647340475756,0.98723594260851255,2018-05-24 21:35:22.821000,2018-05-24 22:07:50.236000
Random_Itemset_different_privacy_050_1e5_true_3,500000,1000,0.063566,26,52,1,50,0.22428193069888444,0.21806961894040797,0.98587257343842316,0.98732318153303977,2018-05-24 21:35:22.821000,2018-05-24 22:09:10.539000
Random_Itemset_different_privacy_050_1e5_true_3,500000,1000,0.063566,27,54,1,50,0.19860615438678569,0.22069668678435278,0.98582346323178738,0.98661168208207162,2018-05-24 21:35:22.821000,2018-05-24 22:10:33.895000
Random_Itemset_different_privacy_050_1e5_true_3,500000,1000,0.063566,28,56,1,50,0.19620090854238645,0.24751928606266596,0.9843947624699686,0.98544467982252681,2018-05-24 21:35:22.821000,2018-05-24 22:11:59.485000
Random_Itemset_different_privacy_050_1e5_true_3,500000,1000,0.063566,29,58,1,50,0.20287216987234652,0.22775828804980644,0.98211712485409952,0.98443439233296015,2018-05-24 21:35:22.821000,2018-05-24 22:13:20.159000
Random_Itemset_different_privacy_050_1e5_true_3,500000,1000,0.063566,30,60,1,50,0.21561151610853235,0.20821430941237526,0.98206219628696867,0.98441826030671709,2018-05-24 21:35:22.821000,2018-05-24 22:14:38.548000
Random_Itemset_different_privacy_050_1e5_true_3,500000,1000,0.063566,31,62,1,50,0.18935587593024844,0.22989519391711336,0.98497782673090817,0.98778077431379852,2018-05-24 21:35:22.821000,2018-05-24 22:15:57.257000
Random_Itemset_different_privacy_050_1e5_true_3,500000,1000,0.063566,32,64,1,50,0.20363300690462655,0.24806024070360136,0.98183160588384233,0.9846430969411395,2018-05-24 21:35:22.821000,2018-05-24 22:17:23.574000
Random_Itemset_different_privacy_050_1e5_true_3,500000,1000,0.063566,33,66,1,50,0.21039874111489762,0.21242448933402791,0.98414904174514639,0.98708611285708603,2018-05-24 21:35:22.821000,2018-05-24 22:18:49.987000
Random_Itemset_different_privacy_050_1e5_true_3,500000,1000,0.063566,34,68,1,50,0.20248075136657961,0.26043013128277803,0.98098823381330824,0.98372865317433134,2018-05-24 21:35:22.821000,2018-05-24 22:20:09.389000
Random_Itemset_different_privacy_050_1e5_true_3,500000,1000,0.063566,35,70,1,50,0.23852663907955513,0.25309617949235547,0.98080836679756001,0.9841885688768276,2018-05-24 21:35:22.821000,2018-05-24 22:21:30.011000
Random_Itemset_different_privacy_050_1e5_true_3,500000,1000,0.063566,36,72,1,50,0.25313462312363355,0.27954871554703109,0.98031762403922418,0.98408829951750609,2018-05-24 21:35:22.821000,2018-05-24 22:22:50.428000
Random_Itemset_different_privacy_050_1e5_true_3,500000,1000,0.063566,37,74,1,50,0.22201749277823182,0.28798515118488999,0.97827247630917036,0.98077464337806242,2018-05-24 21:35:22.821000,2018-05-24 22:24:09.725000
Random_Itemset_different_privacy_050_1e5_true_3,500000,1000,0.063566,38,76,1,50,0.22944167045067682,0.27135189721554559,0.97761409773765462,0.98134600342400913,2018-05-24 21:35:22.821000,2018-05-24 23:56:52.577000
Random_Itemset_different_privacy_050_1e5_true_3,500000,1000,0.063566,39,78,1,50,0.24798369471132914,0.27647543447613432,0.97807018415130587,0.97958411766275932,2018-05-24 21:35:22.821000,2018-05-24 23:58:12.509000
Random_Itemset_different_privacy_050_1e5_true_3,500000,1000,0.063566,40,80,1,50,0.26295873834732902,0.26793275496540847,0.97718631866789474,0.980177585387357,2018-05-24 21:35:22.821000,2018-05-24 23:59:19.823000
Dataset,User Number,Itemset Size,Dummy Item Proportion,k,Candidate Set Size,Privacy_Parameter,User Itemset Size,RE1,RE2,NDCG1,NDCG2,Start Time,Finishe Time
Random_Itemset_different_privacy_050_1e5_true_3,500000,1000,0.063566,1,2,2,50,0.12819953108577892,0.35631376829169698,0.99649999999999983,0.99659999999999993,2018-05-25 14:54:16.972000,2018-05-25 14:55:59.530000
Random_Itemset_different_privacy_050_1e5_true_3,500000,1000,0.063566,2,4,2,50,0.11279076848130556,0.36514826455421617,0.99480000000000002,0.99515000000000009,2018-05-25 14:54:16.972000,2018-05-25 14:57:11.909000
Random_Itemset_different_privacy_050_1e5_true_3,500000,1000,0.063566,3,6,2,50,0.1001999229848678,0.35217232780270408,0.9956181031433875,0.99618824379346138,2018-05-25 14:54:16.972000,2018-05-25 14:58:24.222000
Random_Itemset_different_privacy_050_1e5_true_3,500000,1000,0.063566,4,8,2,50,0.099395173782709109,0.15363979858447646,0.99649278789917106,0.99730190910417726,2018-05-25 14:54:16.972000,2018-05-25 14:59:35.973000
Random_Itemset_different_privacy_050_1e5_true_3,500000,1000,0.063566,5,10,2,50,0.078668445306815452,0.034797392292425525,0.99596678506183756,0.99751775029792022,2018-05-25 14:54:16.972000,2018-05-25 15:00:47.282000
Random_Itemset_different_privacy_050_1e5_true_3,500000,1000,0.063566,6,12,2,50,0.093649172129706665,0.073923049303035532,0.99478973370346468,0.99672990188825172,2018-05-25 14:54:16.972000,2018-05-25 15:01:59.644000
Random_Itemset_different_privacy_050_1e5_true_3,500000,1000,0.063566,7,14,2,50,0.1082821503255457,0.048609402230569587,0.99458419046826485,0.99660228161678721,2018-05-25 14:54:16.972000,2018-05-25 15:03:18.429000
Random_Itemset_different_privacy_050_1e5_true_3,500000,1000,0.063566,8,16,2,50,0.090204783774673059,0.04993281038576862,0.99550322555482718,0.99738346282003099,2018-05-25 14:54:16.972000,2018-05-25 15:04:31.286000
Random_Itemset_different_privacy_050_1e5_true_3,500000,1000,0.063566,9,18,2,50,0.074897096697163351,0.063632071280655567,0.99567706801090505,0.99759135969640322,2018-05-25 14:54:16.972000,2018-05-25 15:05:44.896000
Random_Itemset_different_privacy_050_1e5_true_3,500000,1000,0.063566,10,20,2,50,0.10164075185051683,0.056626951825696124,0.99464885229443656,0.99692079631640751,2018-05-25 14:54:16.972000,2018-05-25 15:06:59.553000
Random_Itemset_different_privacy_050_1e5_true_3,500000,1000,0.063566,11,22,2,50,0.088668890201158229,0.065022324571415727,0.996004435895536,0.99730381712939686,2018-05-25 14:54:16.972000,2018-05-25 15:08:11.141000
Random_Itemset_different_privacy_050_1e5_true_3,500000,1000,0.063566,12,24,2,50,0.098529860543890901,0.07734485424701712,0.99497037601080829,0.99705081105860194,2018-05-25 14:54:16.972000,2018-05-25 15:09:23.558000
Random_Itemset_different_privacy_050_1e5_true_3,500000,1000,0.063566,13,26,2,50,0.1015846293669197,0.084522837634120954,0.99462405350401606,0.99661435371023599,2018-05-25 14:54:16.972000,2018-05-25 15:10:36.406000
Random_Itemset_different_privacy_050_1e5_true_3,500000,1000,0.063566,14,28,2,50,0.10860580152210039,0.086421937559908513,0.99480977503419332,0.99641603976370585,2018-05-25 14:54:16.972000,2018-05-25 15:11:50.706000
Random_Itemset_different_privacy_050_1e5_true_3,500000,1000,0.063566,15,30,2,50,0.12483154142301864,0.10404258339600372,0.99390737909042137,0.99650526783106197,2018-05-25 14:54:16.972000,2018-05-25 15:13:05.861000
Random_Itemset_different_privacy_050_1e5_true_3,500000,1000,0.063566,16,32,2,50,0.13878876492829423,0.11066451218819603,0.99396310538994148,0.99657725032907896,2018-05-25 14:54:16.972000,2018-05-25 15:14:21.962000
Random_Itemset_different_privacy_050_1e5_true_3,500000,1000,0.063566,17,34,2,50,0.12817164575620427,0.096435542390313184,0.99476723310865511,0.99598376361046737,2018-05-25 14:54:16.972000,2018-05-25 15:15:37.743000
Random_Itemset_different_privacy_050_1e5_true_3,500000,1000,0.063566,18,36,2,50,0.13047952589986431,0.11262342410316648,0.99387805136185925,0.99543167141429711,2018-05-25 14:54:16.972000,2018-05-25 15:16:55.284000
Random_Itemset_different_privacy_050_1e5_true_3,500000,1000,0.063566,19,38,2,50,0.1313086597840189,0.10744714317736341,0.99414236405222689,0.9955997485753928,2018-05-25 14:54:16.972000,2018-05-25 15:18:12.527000
Random_Itemset_different_privacy_050_1e5_true_3,500000,1000,0.063566,20,40,2,50,0.13672507708305889,0.12678204174850327,0.99327068718317135,0.99448019240675589,2018-05-25 14:54:16.972000,2018-05-25 15:19:30.233000
Random_Itemset_different_privacy_050_1e5_true_3,500000,1000,0.063566,21,42,2,50,0.14629816225979658,0.14210626936573836,0.99334517071394635,0.9954498511056048,2018-05-25 14:54:16.972000,2018-05-25 15:20:53.315000
Random_Itemset_different_privacy_050_1e5_true_3,500000,1000,0.063566,22,44,2,50,0.12457069496609723,0.13410996295631855,0.99406266522595443,0.99471780240432839,2018-05-25 14:54:16.972000,2018-05-25 15:22:13.324000
Random_Itemset_different_privacy_050_1e5_true_3,500000,1000,0.063566,23,46,2,50,0.16035601867876456,0.15255880797657836,0.99348566516641568,0.99524560644118287,2018-05-25 14:54:16.972000,2018-05-25 15:23:32.028000
Random_Itemset_different_privacy_050_1e5_true_3,500000,1000,0.063566,24,48,2,50,0.17086741903408437,0.16893738141808604,0.99253802877860697,0.99377276903342326,2018-05-25 14:54:16.972000,2018-05-25 15:24:52.660000
Random_Itemset_different_privacy_050_1e5_true_3,500000,1000,0.063566,25,50,2,50,0.15905063908652803,0.13117171197304595,0.99411674541826378,0.99381525941264726,2018-05-25 14:54:16.972000,2018-05-25 15:26:12.582000
Random_Itemset_different_privacy_050_1e5_true_3,500000,1000,0.063566,26,52,2,50,0.16550011086573629,0.15375506616224172,0.99336766574629887,0.99416971977644797,2018-05-25 14:54:16.972000,2018-05-25 15:27:33.776000
Random_Itemset_different_privacy_050_1e5_true_3,500000,1000,0.063566,27,54,2,50,0.17378961116925695,0.16175989477820685,0.993767147019884,0.99379886056862232,2018-05-25 14:54:16.972000,2018-05-25 15:28:54.842000
Random_Itemset_different_privacy_050_1e5_true_3,500000,1000,0.063566,28,56,2,50,0.16886319926812685,0.15139217794177995,0.99329150181862536,0.9944069382129751,2018-05-25 14:54:16.972000,2018-05-25 15:30:15.499000
Random_Itemset_different_privacy_050_1e5_true_3,500000,1000,0.063566,29,58,2,50,0.17685253650251526,0.16754351819774888,0.99346332967707052,0.99358205918739484,2018-05-25 14:54:16.972000,2018-05-25 15:31:36.625000
Random_Itemset_different_privacy_050_1e5_true_3,500000,1000,0.063566,30,60,2,50,0.17500263337874453,0.18886505394092282,0.99343391221660649,0.99367634885513245,2018-05-25 14:54:16.972000,2018-05-25 15:33:04.103000
Random_Itemset_different_privacy_050_1e5_true_3,500000,1000,0.063566,31,62,2,50,0.19099572706073523,0.19239308483080322,0.99336700742431672,0.99345051572484699,2018-05-25 14:54:16.972000,2018-05-25 15:34:24.946000
Random_Itemset_different_privacy_050_1e5_true_3,500000,1000,0.063566,32,64,2,50,0.17122630115189724,0.1973099745648722,0.9927342959189781,0.99390918463461519,2018-05-25 14:54:16.972000,2018-05-25 15:35:47.323000
Random_Itemset_different_privacy_050_1e5_true_3,500000,1000,0.063566,33,66,2,50,0.20533079583789843,0.19364203002205602,0.99260552770423371,0.9933053568615664,2018-05-25 14:54:16.972000,2018-05-25 15:37:10.530000
Random_Itemset_different_privacy_050_1e5_true_3,500000,1000,0.063566,34,68,2,50,0.19767487589605245,0.20580945311379914,0.99268456262058891,0.99338993780014173,2018-05-25 14:54:16.972000,2018-05-25 15:38:33.668000
Random_Itemset_different_privacy_050_1e5_true_3,500000,1000,0.063566,35,70,2,50,0.20961331278464548,0.22433268326905326,0.99229309925053233,0.99322675908215463,2018-05-25 14:54:16.972000,2018-05-25 15:39:56.285000
Random_Itemset_different_privacy_050_1e5_true_3,500000,1000,0.063566,36,72,2,50,0.23192618226805467,0.22102191362295534,0.99240336788442052,0.99339052138583683,2018-05-25 14:54:16.972000,2018-05-25 15:41:19.288000
Random_Itemset_different_privacy_050_1e5_true_3,500000,1000,0.063566,37,74,2,50,0.2067941736935682,0.20722804298746875,0.99279060653224138,0.99295280892335813,2018-05-25 14:54:16.972000,2018-05-25 15:42:43.350000
Random_Itemset_different_privacy_050_1e5_true_3,500000,1000,0.063566,38,76,2,50,0.22750680834039816,0.21157632140813928,0.99217015767357297,0.99291540823284008,2018-05-25 14:54:16.972000,2018-05-25 15:44:07.253000
Random_Itemset_different_privacy_050_1e5_true_3,500000,1000,0.063566,39,78,2,50,0.22246238028437088,0.21381341613498259,0.99243279330676637,0.99261170435732637,2018-05-25 14:54:16.972000,2018-05-25 15:45:46.241000
Random_Itemset_different_privacy_050_1e5_true_3,500000,1000,0.063566,40,80,2,50,0.22389626965943812,0.21812836952350018,0.99219431443481798,0.99216041506901187,2018-05-25 14:54:16.972000,2018-05-25 15:47:17.131000
Dataset,User Number,Itemset Size,Dummy Item Proportion,k,Candidate Set Size,Privacy_Parameter,User Itemset Size,RE1,RE2,NDCG1,NDCG2,Start Time,Finishe Time
Random_Itemset_different_privacy_003_5e5_true_5_backup,500000,1000,10.060128,1,2,2,50,0.20593251309538307,0.40371482519186264,0.99120000000000008,0.99130000000000007,2018-05-26 12:03:32.530000,2018-05-26 12:05:20.901000
Random_Itemset_different_privacy_003_5e5_true_5_backup,500000,1000,10.060128,2,4,2,50,0.17618088110112334,0.38128489189271347,0.9921500000000002,0.99245000000000017,2018-05-26 12:03:32.530000,2018-05-26 12:06:34.038000
Random_Itemset_different_privacy_003_5e5_true_5_backup,500000,1000,10.060128,3,6,2,50,0.11724326958216594,0.51822485578795352,0.99373754054309205,0.99413166243982276,2018-05-26 12:03:32.530000,2018-05-26 12:07:51.042000
Random_Itemset_different_privacy_003_5e5_true_5_backup,500000,1000,10.060128,4,8,2,50,0.1473962527623553,0.37415318635493666,0.98023715133016565,0.98103372708408787,2018-05-26 12:03:32.530000,2018-05-26 12:09:07.072000
Random_Itemset_different_privacy_003_5e5_true_5_backup,500000,1000,10.060128,5,10,2,50,0.1315223153860727,0.30371328429866706,0.99312728160691643,0.99405042184479553,2018-05-26 12:03:32.530000,2018-05-26 12:10:23.567000
Random_Itemset_different_privacy_003_5e5_true_5_backup,500000,1000,10.060128,6,12,2,50,0.18619343802407243,0.13841535774912683,0.99103729407719521,0.99219834501057969,2018-05-26 12:03:32.530000,2018-05-26 12:11:39.930000
Random_Itemset_different_privacy_003_5e5_true_5_backup,500000,1000,10.060128,7,14,2,50,0.13110809522199007,0.076136353334233117,0.9910588796301727,0.99265975371651771,2018-05-26 12:03:32.530000,2018-05-26 12:13:04.601000
Random_Itemset_different_privacy_003_5e5_true_5_backup,500000,1000,10.060128,8,16,2,50,0.15849609138135715,0.06229584990568704,0.99285354983342344,0.99427607746950231,2018-05-26 12:03:32.530000,2018-05-26 12:14:25.326000
Random_Itemset_different_privacy_003_5e5_true_5_backup,500000,1000,10.060128,9,18,2,50,0.17292922194009613,0.073543374348460408,0.99161559261245746,0.99414576879229588,2018-05-26 12:03:32.530000,2018-05-26 12:15:43.357000
Random_Itemset_different_privacy_003_5e5_true_5_backup,500000,1000,10.060128,10,20,2,50,0.16023486359948022,0.093538536106330922,0.99072381122745745,0.99292122723049547,2018-05-26 12:03:32.530000,2018-05-26 12:17:01.564000
Random_Itemset_different_privacy_003_5e5_true_5_backup,500000,1000,10.060128,11,22,2,50,0.15220643446184673,0.11389146123215606,0.9906269141489501,0.99290728159033625,2018-05-26 12:03:32.530000,2018-05-26 12:18:32.189000
Random_Itemset_different_privacy_003_5e5_true_5_backup,500000,1000,10.060128,12,24,2,50,0.12748052551033973,0.11122580318310545,0.99206561479213351,0.99441117804287882,2018-05-26 12:03:32.530000,2018-05-26 12:19:51.478000
Random_Itemset_different_privacy_003_5e5_true_5_backup,500000,1000,10.060128,13,26,2,50,0.1378512343945108,0.11126159467889193,0.99100637819487647,0.9938712373375036,2018-05-26 12:03:32.530000,2018-05-26 12:21:12.223000
Random_Itemset_different_privacy_003_5e5_true_5_backup,500000,1000,10.060128,14,28,2,50,0.15021750883644241,0.14156440262004935,0.98826590794900471,0.99031550877248109,2018-05-26 12:03:32.530000,2018-05-26 12:22:34.472000
Random_Itemset_different_privacy_003_5e5_true_5_backup,500000,1000,10.060128,15,30,2,50,0.15898583410832287,0.12152283343922102,0.98944850094989201,0.99231541541755008,2018-05-26 12:03:32.530000,2018-05-26 12:23:55.103000
Random_Itemset_different_privacy_003_5e5_true_5_backup,500000,1000,10.060128,16,32,2,50,0.15665000712075,0.12380140207935879,0.9905424599742062,0.99346371738035111,2018-05-26 12:03:32.530000,2018-05-26 12:25:16.112000
Random_Itemset_different_privacy_003_5e5_true_5_backup,500000,1000,10.060128,17,34,2,50,0.16062190523866793,0.1306656071856048,0.98967181525534509,0.99332435867756919,2018-05-26 12:03:32.530000,2018-05-26 12:26:38.635000
Random_Itemset_different_privacy_003_5e5_true_5_backup,500000,1000,10.060128,18,36,2,50,0.18462417118348939,0.16236075612123479,0.99046361114554082,0.99277569041995428,2018-05-26 12:03:32.530000,2018-05-26 12:28:00.340000
Random_Itemset_different_privacy_003_5e5_true_5_backup,500000,1000,10.060128,19,38,2,50,0.18607139403728171,0.1569757003776257,0.98953557768417855,0.99213882563378353,2018-05-26 12:03:32.530000,2018-05-26 12:29:24.078000
Random_Itemset_different_privacy_003_5e5_true_5_backup,500000,1000,10.060128,20,40,2,50,0.16065280959693501,0.16815545470774854,0.98875571573672205,0.99003417489928158,2018-05-26 12:03:32.530000,2018-05-26 12:30:46.166000
Random_Itemset_different_privacy_003_5e5_true_5_backup,500000,1000,10.060128,21,42,2,50,0.16343322465471011,0.16944848404908336,0.9891417346988739,0.99155101396151457,2018-05-26 12:03:32.530000,2018-05-26 12:32:10.387000
Random_Itemset_different_privacy_003_5e5_true_5_backup,500000,1000,10.060128,22,44,2,50,0.1866200203964182,0.17529471439803179,0.98942192408014562,0.99121488548441083,2018-05-26 12:03:32.530000,2018-05-26 12:33:45.692000
Random_Itemset_different_privacy_003_5e5_true_5_backup,500000,1000,10.060128,23,46,2,50,0.16181192863571844,0.18666881425570839,0.98907333641492234,0.99118504835744614,2018-05-26 12:03:32.530000,2018-05-26 12:35:10.749000
Random_Itemset_different_privacy_003_5e5_true_5_backup,500000,1000,10.060128,24,48,2,50,0.19736326906383933,0.18967655819465384,0.98717594483362636,0.98792630236522194,2018-05-26 12:03:32.530000,2018-05-26 12:36:35.174000
Random_Itemset_different_privacy_003_5e5_true_5_backup,500000,1000,10.060128,25,50,2,50,0.2075477436091254,0.20868597279647072,0.98770501128428934,0.98999476305466416,2018-05-26 12:03:32.530000,2018-05-26 12:38:01.870000
Random_Itemset_different_privacy_003_5e5_true_5_backup,500000,1000,10.060128,26,52,2,50,0.17920986378119316,0.19881289877458916,0.98545154138238256,0.98663509126463644,2018-05-26 12:03:32.530000,2018-05-26 12:39:28.145000
Random_Itemset_different_privacy_003_5e5_true_5_backup,500000,1000,10.060128,27,54,2,50,0.1724834288362127,0.21575525980864607,0.98671683755988882,0.98845464277774986,2018-05-26 12:03:32.530000,2018-05-26 12:40:53.558000
Random_Itemset_different_privacy_003_5e5_true_5_backup,500000,1000,10.060128,28,56,2,50,0.20884157405605711,0.20512720903064152,0.98449062698476963,0.98847109590994964,2018-05-26 12:03:32.530000,2018-05-26 12:42:19.830000
Random_Itemset_different_privacy_003_5e5_true_5_backup,500000,1000,10.060128,29,58,2,50,0.18672314199484447,0.20716627868669318,0.98660107977499312,0.9890084350121251,2018-05-26 12:03:32.530000,2018-05-26 12:43:48.106000
Random_Itemset_different_privacy_003_5e5_true_5_backup,500000,1000,10.060128,30,60,2,50,0.20774498474973463,0.20804482702704785,0.98501583560142747,0.98515740757381676,2018-05-26 12:03:32.530000,2018-05-26 12:45:14.659000
Random_Itemset_different_privacy_003_5e5_true_5_backup,500000,1000,10.060128,31,62,2,50,0.18548304523243878,0.21963743094623536,0.98476108855129652,0.98614182220715152,2018-05-26 12:03:32.530000,2018-05-26 12:46:42.266000
Random_Itemset_different_privacy_003_5e5_true_5_backup,500000,1000,10.060128,32,64,2,50,0.22822758370425764,0.22179909263873201,0.98589802800155968,0.98770800204036591,2018-05-26 12:03:32.530000,2018-05-26 12:48:20.021000
Random_Itemset_different_privacy_003_5e5_true_5_backup,500000,1000,10.060128,33,66,2,50,0.21254692774343981,0.22895712951888963,0.98608235963399626,0.98716943367640719,2018-05-26 12:03:32.530000,2018-05-26 12:49:49.547000
Random_Itemset_different_privacy_003_5e5_true_5_backup,500000,1000,10.060128,34,68,2,50,0.23084016526545756,0.2648325901419929,0.98197709427256752,0.98271991204836628,2018-05-26 12:03:32.530000,2018-05-26 12:51:17.311000
Random_Itemset_different_privacy_003_5e5_true_5_backup,500000,1000,10.060128,35,70,2,50,0.22474096946649524,0.24218915903991936,0.98500939400898235,0.98740762738781707,2018-05-26 12:03:32.530000,2018-05-26 12:52:59.148000
Random_Itemset_different_privacy_003_5e5_true_5_backup,500000,1000,10.060128,36,72,2,50,0.23883848996565024,0.2570906055508963,0.98022146114430075,0.98219370601363265,2018-05-26 12:03:32.530000,2018-05-26 12:54:28.535000
Random_Itemset_different_privacy_003_5e5_true_5_backup,500000,1000,10.060128,37,74,2,50,0.22151324115769841,0.24012088385933983,0.98221543433948466,0.98616238600511186,2018-05-26 12:03:32.530000,2018-05-26 12:55:58.168000
Random_Itemset_different_privacy_003_5e5_true_5_backup,500000,1000,10.060128,38,76,2,50,0.23033663202413646,0.24321512639104409,0.9828819309992376,0.98505580708393237,2018-05-26 12:03:32.530000,2018-05-26 12:57:28.949000
Random_Itemset_different_privacy_003_5e5_true_5_backup,500000,1000,10.060128,39,78,2,50,0.24223913245700612,0.24643337165124332,0.98082556421847134,0.98308467657228338,2018-05-26 12:03:32.530000,2018-05-26 12:59:00.380000
Random_Itemset_different_privacy_003_5e5_true_5_backup,500000,1000,10.060128,40,80,2,50,0.2572233184899938,0.26502539086672827,0.97920010649485234,0.98092371659632072,2018-05-26 12:03:32.530000,2018-05-26 13:00:32.142000
Dataset,User Number,Itemset Size,Dummy Item Proportion,k,Candidate Set Size,Privacy_Parameter,User Itemset Size,RE1,RE2,NDCG1,NDCG2,Start Time,Finishe Time
Random_Itemset_different_privacy_003_5e5_true_5_backup,500000,1000,10.060128,1,2,3,50,0.16372883420635892,0.42343099037641607,0.99170000000000003,0.99170000000000003,2018-05-26 14:32:13.656000,2018-05-26 14:34:20.912000
Random_Itemset_different_privacy_003_5e5_true_5_backup,500000,1000,10.060128,2,4,3,50,0.16838936133951996,0.60207034768384315,0.98915000000000008,0.98945000000000005,2018-05-26 14:32:13.656000,2018-05-26 14:35:48.942000
Random_Itemset_different_privacy_003_5e5_true_5_backup,500000,1000,10.060128,3,6,3,50,0.12709589119696377,0.27471389680711011,0.99298910921619865,0.99350721235958628,2018-05-26 14:32:13.656000,2018-05-26 14:37:08.868000
Random_Itemset_different_privacy_003_5e5_true_5_backup,500000,1000,10.060128,4,8,3,50,0.12834741382302539,0.33491438352346359,0.99343078786109695,0.99405512119231498,2018-05-26 14:32:13.656000,2018-05-26 14:38:45.629000
Random_Itemset_different_privacy_003_5e5_true_5_backup,500000,1000,10.060128,5,10,3,50,0.12630435126128098,0.30538926139293443,0.99203633515773126,0.99342815538448614,2018-05-26 14:32:13.656000,2018-05-26 14:40:09.908000
Random_Itemset_different_privacy_003_5e5_true_5_backup,500000,1000,10.060128,6,12,3,50,0.12872938878284185,0.22089244177172845,0.99263119090061847,0.99410673260939608,2018-05-26 14:32:13.656000,2018-05-26 14:41:34.624000
Random_Itemset_different_privacy_003_5e5_true_5_backup,500000,1000,10.060128,7,14,3,50,0.10676728198590249,0.040065438043854651,0.99397022804271429,0.99550197176109045,2018-05-26 14:32:13.656000,2018-05-26 14:43:04.563000
Random_Itemset_different_privacy_003_5e5_true_5_backup,500000,1000,10.060128,8,16,3,50,0.12370481899290767,0.066362948970403346,0.99139181418225331,0.99407245980634185,2018-05-26 14:32:13.656000,2018-05-26 14:44:27.911000
Random_Itemset_different_privacy_003_5e5_true_5_backup,500000,1000,10.060128,9,18,3,50,0.1733890503723429,0.07912274862760614,0.99199132946438406,0.99404669344618812,2018-05-26 14:32:13.656000,2018-05-26 14:45:53.226000
Random_Itemset_different_privacy_003_5e5_true_5_backup,500000,1000,10.060128,10,20,3,50,0.13891701425873693,0.062015036208355648,0.99247441400162872,0.99606496436411407,2018-05-26 14:32:13.656000,2018-05-26 14:47:21.139000
Random_Itemset_different_privacy_003_5e5_true_5_backup,500000,1000,10.060128,11,22,3,50,0.15351871526892985,0.08720355161012705,0.99226283118475822,0.99516074036843771,2018-05-26 14:32:13.656000,2018-05-26 14:48:43.147000
Random_Itemset_different_privacy_003_5e5_true_5_backup,500000,1000,10.060128,12,24,3,50,0.12631680364283737,0.084089266696378867,0.99308867778397736,0.99488930376384521,2018-05-26 14:32:13.656000,2018-05-26 14:50:13.769000
Random_Itemset_different_privacy_003_5e5_true_5_backup,500000,1000,10.060128,13,26,3,50,0.13777592702506189,0.082191438803281405,0.9921962478245856,0.99517663474086893,2018-05-26 14:32:13.656000,2018-05-26 14:51:38.135000
Random_Itemset_different_privacy_003_5e5_true_5_backup,500000,1000,10.060128,14,28,3,50,0.14747419983756274,0.11761412130539614,0.99195887065717447,0.99368221526193545,2018-05-26 14:32:13.656000,2018-05-26 14:53:04.266000
Random_Itemset_different_privacy_003_5e5_true_5_backup,500000,1000,10.060128,15,30,3,50,0.12471764852301541,0.10563546121970888,0.99228055995343833,0.9947223288869862,2018-05-26 14:32:13.656000,2018-05-26 14:54:30.145000
Random_Itemset_different_privacy_003_5e5_true_5_backup,500000,1000,10.060128,16,32,3,50,0.14787167855475461,0.10940851497677198,0.99216951821461219,0.99555814446817692,2018-05-26 14:32:13.656000,2018-05-26 14:55:55.572000
Random_Itemset_different_privacy_003_5e5_true_5_backup,500000,1000,10.060128,17,34,3,50,0.13389183134192326,0.092777568774419367,0.99144880210886333,0.99414878068148127,2018-05-26 14:32:13.656000,2018-05-26 14:57:23.704000
Random_Itemset_different_privacy_003_5e5_true_5_backup,500000,1000,10.060128,18,36,3,50,0.13169335301048396,0.12753264680936599,0.9917186041743925,0.99381115950848353,2018-05-26 14:32:13.656000,2018-05-26 14:58:52.127000
Random_Itemset_different_privacy_003_5e5_true_5_backup,500000,1000,10.060128,19,38,3,50,0.15239551056434372,0.13267320082614642,0.99071479632493209,0.99292051411881999,2018-05-26 14:32:13.656000,2018-05-26 15:00:21.023000
Random_Itemset_different_privacy_003_5e5_true_5_backup,500000,1000,10.060128,20,40,3,50,0.14758760816652322,0.13792339337503784,0.99214958844162882,0.99390295631838055,2018-05-26 14:32:13.656000,2018-05-26 15:01:50.552000
Random_Itemset_different_privacy_003_5e5_true_5_backup,500000,1000,10.060128,21,42,3,50,0.1580782797712611,0.16425964320562483,0.99143583674093383,0.99257306913705512,2018-05-26 14:32:13.656000,2018-05-26 15:03:20.525000
Random_Itemset_different_privacy_003_5e5_true_5_backup,500000,1000,10.060128,22,44,3,50,0.16574701581095191,0.16790551725000974,0.99048197449788178,0.99298074439686645,2018-05-26 14:32:13.656000,2018-05-26 15:04:48.684000
Random_Itemset_different_privacy_003_5e5_true_5_backup,500000,1000,10.060128,23,46,3,50,0.16369484642310472,0.16203006817621163,0.99211273948939438,0.99008635008048085,2018-05-26 14:32:13.656000,2018-05-26 15:06:29.392000
Random_Itemset_different_privacy_003_5e5_true_5_backup,500000,1000,10.060128,24,48,3,50,0.17119491660942671,0.16510066867303291,0.99212957319805306,0.99167746271008428,2018-05-26 14:32:13.656000,2018-05-26 15:08:04.110000
Random_Itemset_different_privacy_003_5e5_true_5_backup,500000,1000,10.060128,25,50,3,50,0.18959433577383261,0.17740883105822011,0.9918247856433855,0.99249329384458029,2018-05-26 14:32:13.656000,2018-05-26 15:09:34.658000
Random_Itemset_different_privacy_003_5e5_true_5_backup,500000,1000,10.060128,26,52,3,50,0.16937042798684354,0.17205971812752632,0.99156045722878883,0.99284920231793072,2018-05-26 14:32:13.656000,2018-05-26 15:11:05.553000
Random_Itemset_different_privacy_003_5e5_true_5_backup,500000,1000,10.060128,27,54,3,50,0.19298185909060264,0.16553114690640691,0.98992957664066394,0.99143910285808778,2018-05-26 14:32:13.656000,2018-05-26 15:12:37.893000
Random_Itemset_different_privacy_003_5e5_true_5_backup,500000,1000,10.060128,28,56,3,50,0.1817390394555834,0.16838273706065679,0.99124251807580011,0.99168371455011373,2018-05-26 14:32:13.656000,2018-05-26 15:14:08.686000
Random_Itemset_different_privacy_003_5e5_true_5_backup,500000,1000,10.060128,29,58,3,50,0.1749279804404836,0.19259802959032171,0.99023733248321744,0.99072993432455658,2018-05-26 14:32:13.656000,2018-05-26 15:15:46.449000
Random_Itemset_different_privacy_003_5e5_true_5_backup,500000,1000,10.060128,30,60,3,50,0.18637889221808634,0.2051238050627216,0.98966593940911629,0.99063941601636807,2018-05-26 14:32:13.656000,2018-05-26 15:17:20.797000
Random_Itemset_different_privacy_003_5e5_true_5_backup,500000,1000,10.060128,31,62,3,50,0.17441994299277111,0.188563074156127,0.98874319521363074,0.99055738181462516,2018-05-26 14:32:13.656000,2018-05-26 15:18:52.084000
Random_Itemset_different_privacy_003_5e5_true_5_backup,500000,1000,10.060128,32,64,3,50,0.20703687537941934,0.20019541741199331,0.98911090219666897,0.99093745146932499,2018-05-26 14:32:13.656000,2018-05-26 15:20:22.742000
Random_Itemset_different_privacy_003_5e5_true_5_backup,500000,1000,10.060128,33,66,3,50,0.19978960142691832,0.22187820274146422,0.98931238916999553,0.99077278783336653,2018-05-26 14:32:13.656000,2018-05-26 15:22:10.782000
Random_Itemset_different_privacy_003_5e5_true_5_backup,500000,1000,10.060128,34,68,3,50,0.20703797492942128,0.21604556510277467,0.9895381473582251,0.99146763910127711,2018-05-26 14:32:13.656000,2018-05-26 15:23:43.679000
Random_Itemset_different_privacy_003_5e5_true_5_backup,500000,1000,10.060128,35,70,3,50,0.22255264874050934,0.22767519160315888,0.98970282626672146,0.99041104229381494,2018-05-26 14:32:13.656000,2018-05-26 15:25:16.579000
Random_Itemset_different_privacy_003_5e5_true_5_backup,500000,1000,10.060128,36,72,3,50,0.2147370288173851,0.20327952044182318,0.98789647954998228,0.98934221165327096,2018-05-26 14:32:13.656000,2018-05-26 15:26:52.651000
Random_Itemset_different_privacy_003_5e5_true_5_backup,500000,1000,10.060128,37,74,3,50,0.2340183766368468,0.21478141401435152,0.9891596686663886,0.98909405545404638,2018-05-26 14:32:13.656000,2018-05-26 15:28:29.924000
Random_Itemset_different_privacy_003_5e5_true_5_backup,500000,1000,10.060128,38,76,3,50,0.21276412763277083,0.2279017984742418,0.98838141348474373,0.98921859078787766,2018-05-26 14:32:13.656000,2018-05-26 15:30:03.869000
Random_Itemset_different_privacy_003_5e5_true_5_backup,500000,1000,10.060128,39,78,3,50,0.23957570025485056,0.22166146553723548,0.98799627833150827,0.98907016360836475,2018-05-26 14:32:13.656000,2018-05-26 15:31:38.204000
Random_Itemset_different_privacy_003_5e5_true_5_backup,500000,1000,10.060128,40,80,3,50,0.23685539356958502,0.23025863348160541,0.98611668043850942,0.98863144506525402,2018-05-26 14:32:13.656000,2018-05-26 15:33:16.051000
Dataset,User Number,Itemset Size,Dummy Item Proportion,k,Candidate Set Size,Privacy_Parameter,User Itemset Size,RE1,RE2,NDCG1,NDCG2,Start Time,Finishe Time
Random_Itemset_different_privacy_003_5e5_true_6,500000,1000,0.065964,1,2,3,50,0.08784832883876767,0.34410394704584457,0.99719999999999998,0.99730000000000008,2018-05-26 17:11:51.427000,2018-05-26 17:13:55.537000
Random_Itemset_different_privacy_003_5e5_true_6,500000,1000,0.065964,2,4,3,50,0.073367098980915202,0.3158862420924709,0.99735000000000018,0.99790000000000012,2018-05-26 17:11:51.427000,2018-05-26 17:15:31.174000
Random_Itemset_different_privacy_003_5e5_true_6,500000,1000,0.065964,3,6,3,50,0.057626127545415892,0.18190643164418868,0.99621583121991153,0.99716606563670118,2018-05-26 17:11:51.427000,2018-05-26 17:16:54.286000
Random_Itemset_different_privacy_003_5e5_true_6,500000,1000,0.065964,4,8,3,50,0.078906564207143301,0.023920676551545582,0.99724296970350768,0.99852281818931787,2018-05-26 17:11:51.427000,2018-05-26 17:18:19.721000
Random_Itemset_different_privacy_003_5e5_true_6,500000,1000,0.065964,5,10,3,50,0.097641564889480698,0.032249744381504318,0.99593390050995789,0.99750045295895173,2018-05-26 17:11:51.427000,2018-05-26 17:19:45.800000
Random_Itemset_different_privacy_003_5e5_true_6,500000,1000,0.065964,6,12,3,50,0.084812937166133112,0.073876228025965662,0.99592788548998623,0.9968825319737642,2018-05-26 17:11:51.427000,2018-05-26 17:21:06.990000
Random_Itemset_different_privacy_003_5e5_true_6,500000,1000,0.065964,7,14,3,50,0.078794448161281533,0.035828004517535726,0.99657732896985141,0.99772191963660206,2018-05-26 17:11:51.427000,2018-05-26 17:22:35.603000
Random_Itemset_different_privacy_003_5e5_true_6,500000,1000,0.065964,8,16,3,50,0.081962092565483299,0.052924681673335472,0.99573544546548032,0.99798781962406125,2018-05-26 17:11:51.427000,2018-05-26 17:24:02.306000
Random_Itemset_different_privacy_003_5e5_true_6,500000,1000,0.065964,9,18,3,50,0.079722539796458533,0.052440060713080459,0.99614506049800211,0.99790818948325588,2018-05-26 17:11:51.427000,2018-05-26 17:25:30.754000
Random_Itemset_different_privacy_003_5e5_true_6,500000,1000,0.065964,10,20,3,50,0.089072396441694443,0.061126961637460744,0.99541396285517636,0.99778969726951738,2018-05-26 17:11:51.427000,2018-05-26 17:27:02.184000
Random_Itemset_different_privacy_003_5e5_true_6,500000,1000,0.065964,11,22,3,50,0.071971748225027041,0.054533552263003757,0.99534220042882215,0.99776674221796424,2018-05-26 17:11:51.427000,2018-05-26 17:28:33.063000
Random_Itemset_different_privacy_003_5e5_true_6,500000,1000,0.065964,12,24,3,50,0.075945294388681181,0.067773985322798838,0.99609672045083708,0.99804694205759414,2018-05-26 17:11:51.427000,2018-05-26 17:30:03.867000
Random_Itemset_different_privacy_003_5e5_true_6,500000,1000,0.065964,13,26,3,50,0.095749387789648185,0.066785200376132919,0.99477576052300665,0.99759127326036179,2018-05-26 17:11:51.427000,2018-05-26 17:31:34.404000
Random_Itemset_different_privacy_003_5e5_true_6,500000,1000,0.065964,14,28,3,50,0.10143840619908859,0.077356712012775261,0.99558818501592228,0.99719548054714302,2018-05-26 17:11:51.427000,2018-05-26 17:33:06.271000
Random_Itemset_different_privacy_003_5e5_true_6,500000,1000,0.065964,15,30,3,50,0.10397106339893403,0.091495918035152529,0.99458742793086452,0.99691598907581691,2018-05-26 17:11:51.427000,2018-05-26 17:34:42.684000
Random_Itemset_different_privacy_003_5e5_true_6,500000,1000,0.065964,16,32,3,50,0.10648662710247761,0.092687613481946221,0.99484833958701713,0.99677992208747523,2018-05-26 17:11:51.427000,2018-05-26 17:36:37.724000
Random_Itemset_different_privacy_003_5e5_true_6,500000,1000,0.065964,17,34,3,50,0.11357516412636781,0.1128204586415931,0.99493453119846342,0.99623288311316038,2018-05-26 17:11:51.427000,2018-05-26 17:38:26.451000
Random_Itemset_different_privacy_003_5e5_true_6,500000,1000,0.065964,18,36,3,50,0.11704598567513935,0.11327886224931014,0.9952955494775132,0.99631217067423727,2018-05-26 17:11:51.427000,2018-05-26 17:40:07.604000
Random_Itemset_different_privacy_003_5e5_true_6,500000,1000,0.065964,19,38,3,50,0.1237616500046719,0.10650985214215283,0.99515249530207106,0.99557754090815398,2018-05-26 17:11:51.427000,2018-05-26 17:41:50.685000
Random_Itemset_different_privacy_003_5e5_true_6,500000,1000,0.065964,20,40,3,50,0.11917808777442303,0.12807521859867674,0.9944226730043324,0.99563318493939867,2018-05-26 17:11:51.427000,2018-05-26 17:43:36.545000
Random_Itemset_different_privacy_003_5e5_true_6,500000,1000,0.065964,21,42,3,50,0.13092291087388669,0.12181461305615368,0.99451308634402658,0.99596711301962304,2018-05-26 17:11:51.427000,2018-05-26 17:45:20.363000
Random_Itemset_different_privacy_003_5e5_true_6,500000,1000,0.065964,22,44,3,50,0.1461954736306566,0.11730202178478717,0.99456545194470536,0.99555218597663908,2018-05-26 17:11:51.427000,2018-05-26 17:47:03.217000
Random_Itemset_different_privacy_003_5e5_true_6,500000,1000,0.065964,23,46,3,50,0.13771880125205074,0.13529409073288676,0.99398820545043043,0.9951946479269369,2018-05-26 17:11:51.427000,2018-05-26 17:48:45.872000
Random_Itemset_different_privacy_003_5e5_true_6,500000,1000,0.065964,24,48,3,50,0.15584019589924697,0.13426302412312591,0.99419859309703562,0.99526737654632791,2018-05-26 17:11:51.427000,2018-05-26 17:50:29.763000
Random_Itemset_different_privacy_003_5e5_true_6,500000,1000,0.065964,25,50,3,50,0.15860868772740183,0.15767999552783699,0.99410754872568086,0.9947158764866405,2018-05-26 17:11:51.427000,2018-05-26 17:52:14.708000
Random_Itemset_different_privacy_003_5e5_true_6,500000,1000,0.065964,26,52,3,50,0.14366676344409546,0.14284720069017598,0.99413268930292509,0.99433786284984171,2018-05-26 17:11:51.427000,2018-05-26 17:53:58.901000
Random_Itemset_different_privacy_003_5e5_true_6,500000,1000,0.065964,27,54,3,50,0.1482958883170922,0.15698892836470696,0.9936486649552837,0.99471946432608738,2018-05-26 17:11:51.427000,2018-05-26 17:55:43.986000
Random_Itemset_different_privacy_003_5e5_true_6,500000,1000,0.065964,28,56,3,50,0.16274006562714707,0.16355640235136829,0.99434964852403263,0.99468914565489119,2018-05-26 17:11:51.427000,2018-05-26 17:57:30.522000
Random_Itemset_different_privacy_003_5e5_true_6,500000,1000,0.065964,29,58,3,50,0.16459174419090317,0.15548641143242625,0.99406172301746154,0.99510241719627301,2018-05-26 17:11:51.427000,2018-05-26 17:59:17.364000
Random_Itemset_different_privacy_003_5e5_true_6,500000,1000,0.065964,30,60,3,50,0.1665993873975942,0.17741035822160311,0.99416486169843155,0.99470036903719361,2018-05-26 17:11:51.427000,2018-05-26 18:01:06.764000
Random_Itemset_different_privacy_003_5e5_true_6,500000,1000,0.065964,31,62,3,50,0.17664174589819343,0.18661386956964732,0.99416639850259048,0.99413915092521543,2018-05-26 17:11:51.427000,2018-05-26 18:02:52.211000
Random_Itemset_different_privacy_003_5e5_true_6,500000,1000,0.065964,32,64,3,50,0.17815497242571102,0.17638584434446816,0.9936265994384712,0.99426709270890945,2018-05-26 17:11:51.427000,2018-05-26 18:04:37.783000
Random_Itemset_different_privacy_003_5e5_true_6,500000,1000,0.065964,33,66,3,50,0.18929816816559047,0.19087208461805663,0.99353539041128569,0.99389171446659752,2018-05-26 17:11:51.427000,2018-05-26 18:06:22.321000
Random_Itemset_different_privacy_003_5e5_true_6,500000,1000,0.065964,34,68,3,50,0.20280106902302891,0.1951723731221123,0.99394689216805043,0.9935426244110005,2018-05-26 17:11:51.427000,2018-05-26 18:08:17.450000
Random_Itemset_different_privacy_003_5e5_true_6,500000,1000,0.065964,35,70,3,50,0.20363377291705534,0.19487584559779131,0.9936477911835091,0.99422853484518148,2018-05-26 17:11:51.427000,2018-05-26 18:10:07.109000
Random_Itemset_different_privacy_003_5e5_true_6,500000,1000,0.065964,36,72,3,50,0.21593825253718041,0.20602325348992817,0.9936766780168993,0.99372416950561748,2018-05-26 17:11:51.427000,2018-05-26 18:11:50.426000
Random_Itemset_different_privacy_003_5e5_true_6,500000,1000,0.065964,37,74,3,50,0.19718663791286833,0.21434977099226177,0.99393835067531899,0.99403582239295341,2018-05-26 17:11:51.427000,2018-05-26 18:13:35.328000
Random_Itemset_different_privacy_003_5e5_true_6,500000,1000,0.065964,38,76,3,50,0.22571312263276705,0.2059612799225729,0.993306075176009,0.99402082214851517,2018-05-26 17:11:51.427000,2018-05-26 18:15:23.165000
Random_Itemset_different_privacy_003_5e5_true_6,500000,1000,0.065964,39,78,3,50,0.21419127037278834,0.22482963421286511,0.99317664183407961,0.99391240898487143,2018-05-26 17:11:51.427000,2018-05-26 18:17:10.278000
Random_Itemset_different_privacy_003_5e5_true_6,500000,1000,0.065964,40,80,3,50,0.23330839037952122,0.23210833819326998,0.99343535131744787,0.9935125854065685,2018-05-26 17:11:51.427000,2018-05-26 18:18:54.817000
Dataset,User Number,Itemset Size,Dummy Item Proportion,k,Candidate Set Size,Privacy_Parameter,User Itemset Size,RE1,RE2,NDCG1,NDCG2,Start Time,Finishe Time
Random_Itemset_different_privacy_003_5e5_true_6,500000,1000,0.065964,1,2,3,50,0.073089809593854693,0.062798071422734331,0.99529999999999996,0.99550000000000005,2018-05-27 17:05:44.875000,2018-05-27 17:07:56.240000
Random_Itemset_different_privacy_003_5e5_true_6,500000,1000,0.065964,2,4,3,50,0.070306252181476861,0.038544764222664576,0.99695,0.99770000000000003,2018-05-27 17:05:44.875000,2018-05-27 17:09:24.534000
Random_Itemset_different_privacy_003_5e5_true_6,500000,1000,0.065964,3,6,3,50,0.12803192543934652,0.053648419796687122,0.99516379371322505,0.99663981246656819,2018-05-27 17:05:44.875000,2018-05-27 17:10:58.893000
Random_Itemset_different_privacy_003_5e5_true_6,500000,1000,0.065964,4,8,3,50,0.10499063281827137,0.039379249462981929,0.99598060605676031,0.9978486666624361,2018-05-27 17:05:44.875000,2018-05-27 17:12:35.345000
Random_Itemset_different_privacy_003_5e5_true_6,500000,1000,0.065964,5,10,3,50,0.085381759831354626,0.023849378301957946,0.99580713561114342,0.99760279350383796,2018-05-27 17:05:44.875000,2018-05-27 17:14:11.797000
Random_Itemset_different_privacy_003_5e5_true_6,500000,1000,0.065964,6,12,3,50,0.080477621819373624,0.028144543264547277,0.99651144484796161,0.99785695263406426,2018-05-27 17:05:44.875000,2018-05-27 17:15:44.435000
Random_Itemset_different_privacy_003_5e5_true_6,500000,1000,0.065964,7,14,3,50,0.090031779597641415,0.049556515579746649,0.9953887663504366,0.99801223937393924,2018-05-27 17:05:44.875000,2018-05-27 17:17:16.799000
Random_Itemset_different_privacy_003_5e5_true_6,500000,1000,0.065964,8,16,3,50,0.085348200967952911,0.049842843389786257,0.99623506191106814,0.997911824670625,2018-05-27 17:05:44.875000,2018-05-27 17:18:52.716000
Random_Itemset_different_privacy_003_5e5_true_6,500000,1000,0.065964,9,18,3,50,0.096200727553811177,0.049393703109256323,0.99565119079385001,0.99765914131863798,2018-05-27 17:05:44.875000,2018-05-27 17:20:28.343000
Random_Itemset_different_privacy_003_5e5_true_6,500000,1000,0.065964,10,20,3,50,0.092888248234818796,0.057211194526712861,0.99557962938755717,0.99744322143568209,2018-05-27 17:05:44.875000,2018-05-27 17:22:07.322000
Random_Itemset_different_privacy_003_5e5_true_6,500000,1000,0.065964,11,22,3,50,0.10000359972055924,0.058535910178292738,0.99602245157429647,0.99780413118123312,2018-05-27 17:05:44.875000,2018-05-27 17:23:50.610000
Random_Itemset_different_privacy_003_5e5_true_6,500000,1000,0.065964,12,24,3,50,0.10331274370524166,0.072229361845320736,0.99564619431270773,0.99779281961990463,2018-05-27 17:05:44.875000,2018-05-27 17:25:27.913000
Random_Itemset_different_privacy_003_5e5_true_6,500000,1000,0.065964,13,26,3,50,0.097217202103306283,0.077310455974144807,0.99583654372242447,0.99793956784231719,2018-05-27 17:05:44.875000,2018-05-27 17:27:10.758000
Random_Itemset_different_privacy_003_5e5_true_6,500000,1000,0.065964,14,28,3,50,0.087341974093562036,0.070646843040077456,0.9953964465277011,0.99755319353142347,2018-05-27 17:05:44.875000,2018-05-27 17:29:14.054000
Random_Itemset_different_privacy_003_5e5_true_6,500000,1000,0.065964,15,30,3,50,0.11192272877281932,0.078506314851674766,0.99570523945795131,0.99702376773269119,2018-05-27 17:05:44.875000,2018-05-27 17:32:20.543000
Random_Itemset_different_privacy_003_5e5_true_6,500000,1000,0.065964,16,32,3,50,0.11328523551685513,0.10420223649965758,0.99514205463933236,0.99713965247690717,2018-05-27 17:05:44.875000,2018-05-27 17:34:22.844000
Random_Itemset_different_privacy_003_5e5_true_6,500000,1000,0.065964,17,34,3,50,0.11390334491233134,0.11507537126747802,0.99388687654242158,0.99692023222479853,2018-05-27 17:05:44.875000,2018-05-27 17:36:37.582000
Random_Itemset_different_privacy_003_5e5_true_6,500000,1000,0.065964,18,36,3,50,0.12038520314419035,0.10762025434844166,0.994005030949215,0.9967580692231014,2018-05-27 17:05:44.875000,2018-05-27 17:38:26.674000
Random_Itemset_different_privacy_003_5e5_true_6,500000,1000,0.065964,19,38,3,50,0.12405559705505495,0.11741322048626594,0.9946426979461217,0.99595868673820775,2018-05-27 17:05:44.875000,2018-05-27 17:40:15.803000
Random_Itemset_different_privacy_003_5e5_true_6,500000,1000,0.065964,20,40,3,50,0.13391744205190903,0.10987257940235187,0.99401575530556951,0.9959614459145838,2018-05-27 17:05:44.875000,2018-05-27 17:42:05.500000
Random_Itemset_different_privacy_003_5e5_true_6,500000,1000,0.065964,21,42,3,50,0.12388500086750376,0.1151652425323576,0.99505853580642367,0.99556989674058571,2018-05-27 17:05:44.875000,2018-05-27 17:43:58.008000
Random_Itemset_different_privacy_003_5e5_true_6,500000,1000,0.065964,22,44,3,50,0.13175881757930641,0.11844956343905486,0.99501207376198408,0.99529251139989294,2018-05-27 17:05:44.875000,2018-05-27 17:45:39.328000
Random_Itemset_different_privacy_003_5e5_true_6,500000,1000,0.065964,23,46,3,50,0.13519939464841829,0.12646621811198611,0.99490688040534514,0.9950963018154747,2018-05-27 17:05:44.875000,2018-05-27 17:47:24.924000
Random_Itemset_different_privacy_003_5e5_true_6,500000,1000,0.065964,24,48,3,50,0.15826400260463522,0.14598078461961245,0.99446743151718953,0.9952754784679666,2018-05-27 17:05:44.875000,2018-05-27 17:49:09.400000
Random_Itemset_different_privacy_003_5e5_true_6,500000,1000,0.065964,25,50,3,50,0.14277105801934514,0.1418523899231165,0.99444490696564292,0.99445622101457898,2018-05-27 17:05:44.875000,2018-05-27 17:50:46.958000
Random_Itemset_different_privacy_003_5e5_true_6,500000,1000,0.065964,26,52,3,50,0.15288237826736187,0.16294934696829261,0.99425272029935152,0.99462149790503918,2018-05-27 17:05:44.875000,2018-05-27 17:52:24.110000
Random_Itemset_different_privacy_003_5e5_true_6,500000,1000,0.065964,27,54,3,50,0.15658690968540015,0.16650964315821601,0.99427255579585672,0.99409784849841132,2018-05-27 17:05:44.875000,2018-05-27 17:54:02.326000
Random_Itemset_different_privacy_003_5e5_true_6,500000,1000,0.065964,28,56,3,50,0.1653912723700697,0.16999627148480817,0.99410555427273972,0.99494776610567526,2018-05-27 17:05:44.875000,2018-05-27 17:55:46.036000
Random_Itemset_different_privacy_003_5e5_true_6,500000,1000,0.065964,29,58,3,50,0.17525884323112534,0.17123553236401945,0.9942778901445728,0.99421000106422031,2018-05-27 17:05:44.875000,2018-05-27 17:57:33.568000
Random_Itemset_different_privacy_003_5e5_true_6,500000,1000,0.065964,30,60,3,50,0.1550941160701135,0.15724435674181708,0.99377547639407049,0.99492825913198735,2018-05-27 17:05:44.875000,2018-05-27 17:59:11.480000
Random_Itemset_different_privacy_003_5e5_true_6,500000,1000,0.065964,31,62,3,50,0.18197408995241776,0.17685076913074632,0.99455150654889013,0.99440517498778236,2018-05-27 17:05:44.875000,2018-05-27 18:01:06.020000
Random_Itemset_different_privacy_003_5e5_true_6,500000,1000,0.065964,32,64,3,50,0.18569195580885195,0.18661000648904311,0.99336537802324876,0.99453984819607411,2018-05-27 17:05:44.875000,2018-05-27 18:03:09.386000
Random_Itemset_different_privacy_003_5e5_true_6,500000,1000,0.065964,33,66,3,50,0.19210482362382802,0.19404438400402002,0.99396388784592582,0.99434370813594453,2018-05-27 17:05:44.875000,2018-05-27 18:05:09.468000
Random_Itemset_different_privacy_003_5e5_true_6,500000,1000,0.065964,34,68,3,50,0.19047801824838545,0.20464367849592099,0.99419087718840227,0.99425508532500473,2018-05-27 17:05:44.875000,2018-05-27 18:07:21.331000
Random_Itemset_different_privacy_003_5e5_true_6,500000,1000,0.065964,35,70,3,50,0.19884326035978195,0.19603657694385462,0.99377215081001891,0.99441569961754417,2018-05-27 17:05:44.875000,2018-05-27 18:09:17.477000
Random_Itemset_different_privacy_003_5e5_true_6,500000,1000,0.065964,36,72,3,50,0.20368460135820493,0.18862502413640464,0.99353061266761811,0.99355455205858312,2018-05-27 17:05:44.875000,2018-05-27 18:11:42.555000
Random_Itemset_different_privacy_003_5e5_true_6,500000,1000,0.065964,37,74,3,50,0.20362994387231376,0.19563283979838375,0.99307003383453496,0.99395130377038865,2018-05-27 17:05:44.875000,2018-05-27 18:14:16.643000
Random_Itemset_different_privacy_003_5e5_true_6,500000,1000,0.065964,38,76,3,50,0.22264251020152118,0.21730995933382732,0.99322836317248875,0.9936537875676017,2018-05-27 17:05:44.875000,2018-05-27 18:16:26.505000
Random_Itemset_different_privacy_003_5e5_true_6,500000,1000,0.065964,39,78,3,50,0.2175363313612888,0.22648430252045731,0.99330196617765731,0.99413029098266892,2018-05-27 17:05:44.875000,2018-05-27 18:18:34.793000
Random_Itemset_different_privacy_003_5e5_true_6,500000,1000,0.065964,40,80,3,50,0.22391407707571923,0.21512439641437425,0.99335122036068824,0.99364248485685081,2018-05-27 17:05:44.875000,2018-05-27 18:20:19.980000
Dataset,User Number,Itemset Size,Dummy Item Proportion,k,Candidate Set Size,Privacy_Parameter,User Itemset Size,RE1,RE2,NDCG1,NDCG2,Start Time,Finishe Time
Random_Itemset_different_privacy_003_1e6_true,1000000,1000,0.064425,1,2,3,50,0.061208018215825034,0.040799585264698748,0.99770000000000003,0.99819999999999998,2018-05-27 22:53:56.435000,2018-05-27 22:57:15.419000
Random_Itemset_different_privacy_003_1e6_true,1000000,1000,0.064425,2,4,3,50,0.04593490665695571,0.01852128143543973,0.99845000000000006,0.999,2018-05-27 22:53:56.435000,2018-05-27 22:59:09.010000
Random_Itemset_different_privacy_003_1e6_true,1000000,1000,0.064425,3,6,3,50,0.059206659372116575,0.028011662708413921,0.9967420843900443,0.99790995311664221,2018-05-27 22:53:56.435000,2018-05-27 23:01:04.356000
Random_Itemset_different_privacy_003_1e6_true,1000000,1000,0.064425,4,8,3,50,0.047244911435929439,0.024605448507976375,0.99654372727445806,0.99799163636594401,2018-05-27 22:53:56.435000,2018-05-27 23:03:02.553000
Random_Itemset_different_privacy_003_1e6_true,1000000,1000,0.064425,5,10,3,50,0.057106415518421716,0.026078547722458496,0.9976017493417364,0.99873155629451982,2018-05-27 22:53:56.435000,2018-05-27 23:05:01.257000
Random_Itemset_different_privacy_003_1e6_true,1000000,1000,0.064425,6,12,3,50,0.059529691434634234,0.027731113622310948,0.99715003958130044,0.99909416422063302,2018-05-27 22:53:56.435000,2018-05-27 23:06:59.285000
Random_Itemset_different_privacy_003_1e6_true,1000000,1000,0.064425,7,14,3,50,0.044655076331214807,0.034833027284933323,0.9966054094856629,0.99873699836895413,2018-05-27 22:53:56.435000,2018-05-27 23:08:59.819000
Random_Itemset_different_privacy_003_1e6_true,1000000,1000,0.064425,8,16,3,50,0.08112150187932532,0.036853424528636984,0.99729285421307634,0.99890976194656178,2018-05-27 22:53:56.435000,2018-05-27 23:10:59.169000
Random_Itemset_different_privacy_003_1e6_true,1000000,1000,0.064425,9,18,3,50,0.082619894358516688,0.0436568962773249,0.99660324194600969,0.99876985723984435,2018-05-27 22:53:56.435000,2018-05-27 23:13:00.635000
Random_Itemset_different_privacy_003_1e6_true,1000000,1000,0.064425,10,20,3,50,0.077141447376357794,0.0413405306220316,0.9969778195504414,0.9985808719444087,2018-05-27 22:53:56.435000,2018-05-27 23:15:03.072000
Random_Itemset_different_privacy_003_1e6_true,1000000,1000,0.064425,11,22,3,50,0.074374977866426162,0.050417847660024238,0.9967889663434617,0.99818663817851017,2018-05-27 22:53:56.435000,2018-05-27 23:17:06.130000
Random_Itemset_different_privacy_003_1e6_true,1000000,1000,0.064425,12,24,3,50,0.067187915407716958,0.052623685163023959,0.99654317821156213,0.99834796671276638,2018-05-27 22:53:56.435000,2018-05-27 23:19:10.743000
Random_Itemset_different_privacy_003_1e6_true,1000000,1000,0.064425,13,26,3,50,0.096507733690582326,0.065727935606788218,0.9968276253904842,0.99814289866161465,2018-05-27 22:53:56.435000,2018-05-27 23:21:16.966000
Random_Itemset_different_privacy_003_1e6_true,1000000,1000,0.064425,14,28,3,50,0.093593462867607821,0.075572020004876145,0.99640988471206016,0.99795711427271816,2018-05-27 22:53:56.435000,2018-05-27 23:23:28.684000
Random_Itemset_different_privacy_003_1e6_true,1000000,1000,0.064425,15,30,3,50,0.090121600440920102,0.075306719254842197,0.99670935936860905,0.9977635081629399,2018-05-27 22:53:56.435000,2018-05-27 23:25:38.169000
Random_Itemset_different_privacy_003_1e6_true,1000000,1000,0.064425,16,32,3,50,0.076378033717523441,0.084815590328605001,0.99629336896158893,0.99788743441545424,2018-05-27 22:53:56.435000,2018-05-27 23:27:50.719000
Random_Itemset_different_privacy_003_1e6_true,1000000,1000,0.064425,17,34,3,50,0.095398994293271797,0.078168743585733697,0.9964759919612225,0.99774994063239153,2018-05-27 22:53:56.435000,2018-05-27 23:30:01.791000
Random_Itemset_different_privacy_003_1e6_true,1000000,1000,0.064425,18,36,3,50,0.12286848757486639,0.10639060737179536,0.99658316627393706,0.99732525852487286,2018-05-27 22:53:56.435000,2018-05-27 23:32:13.893000
Random_Itemset_different_privacy_003_1e6_true,1000000,1000,0.064425,19,38,3,50,0.10934657641162952,0.093518010726502884,0.99614443845382894,0.99736253175273415,2018-05-27 22:53:56.435000,2018-05-27 23:34:26.524000
Random_Itemset_different_privacy_003_1e6_true,1000000,1000,0.064425,20,40,3,50,0.12088225083003427,0.10645780939988217,0.99639498313290853,0.99710907157749973,2018-05-27 22:53:56.435000,2018-05-27 23:36:40.548000
Random_Itemset_different_privacy_003_1e6_true,1000000,1000,0.064425,21,42,3,50,0.12331514848464009,0.10802506174999331,0.99602264801031004,0.99681104660215047,2018-05-27 22:53:56.435000,2018-05-27 23:38:57.936000
Random_Itemset_different_privacy_003_1e6_true,1000000,1000,0.064425,22,44,3,50,0.11556050401653044,0.12419942042267584,0.99645805188820158,0.99675408715571501,2018-05-27 22:53:56.435000,2018-05-27 23:41:13.623000
Random_Itemset_different_privacy_003_1e6_true,1000000,1000,0.064425,23,46,3,50,0.12611232142137935,0.12544426398063521,0.99640490973771878,0.99655349881693522,2018-05-27 22:53:56.435000,2018-05-27 23:43:30.441000
Random_Itemset_different_privacy_003_1e6_true,1000000,1000,0.064425,24,48,3,50,0.11778340869586008,0.12104729648305168,0.99598097627646598,0.99656747080145502,2018-05-27 22:53:56.435000,2018-05-27 23:45:47.352000
Random_Itemset_different_privacy_003_1e6_true,1000000,1000,0.064425,25,50,3,50,0.13583827578922278,0.13156565707383888,0.99597446689635305,0.99621164469342638,2018-05-27 22:53:56.435000,2018-05-27 23:48:06.374000
Random_Itemset_different_privacy_003_1e6_true,1000000,1000,0.064425,26,52,3,50,0.15934523204650239,0.14451197000623178,0.99609541993291617,0.99609338516294577,2018-05-27 22:53:56.435000,2018-05-27 23:50:26.195000
Random_Itemset_different_privacy_003_1e6_true,1000000,1000,0.064425,27,54,3,50,0.15909411608448346,0.14072649820805344,0.99588330607433539,0.99615134220110257,2018-05-27 22:53:56.435000,2018-05-27 23:52:49.949000
Random_Itemset_different_privacy_003_1e6_true,1000000,1000,0.064425,28,56,3,50,0.14293945754810733,0.15371295993069087,0.99580078315255705,0.99591127960440107,2018-05-27 22:53:56.435000,2018-05-27 23:55:10.685000
Random_Itemset_different_privacy_003_1e6_true,1000000,1000,0.064425,29,58,3,50,0.16100860263743616,0.16144247401479267,0.99582636792314294,0.99614669402026013,2018-05-27 22:53:56.435000,2018-05-27 23:57:35.483000
Random_Itemset_different_privacy_003_1e6_true,1000000,1000,0.064425,30,60,3,50,0.17276694028624068,0.16759512562916537,0.99569696691084286,0.9960252733037025,2018-05-27 22:53:56.435000,2018-05-27 23:59:56.614000
Random_Itemset_different_privacy_003_1e6_true,1000000,1000,0.064425,31,62,3,50,0.1706674275928925,0.17149918449794727,0.99566495296214319,0.99584091673031949,2018-05-27 22:53:56.435000,2018-05-28 00:02:18.888000
Random_Itemset_different_privacy_003_1e6_true,1000000,1000,0.064425,32,64,3,50,0.17873066319312778,0.17435000259369243,0.99575199078226417,0.99591871273829913,2018-05-27 22:53:56.435000,2018-05-28 00:04:41.961000
Random_Itemset_different_privacy_003_1e6_true,1000000,1000,0.064425,33,66,3,50,0.17391057161959264,0.16610789462384254,0.99580460492777689,0.99574843006352542,2018-05-27 22:53:56.435000,2018-05-28 00:07:13.565000
Random_Itemset_different_privacy_003_1e6_true,1000000,1000,0.064425,34,68,3,50,0.17774385231853235,0.18053057715854134,0.99587896273627941,0.99626241167211982,2018-05-27 22:53:56.435000,2018-05-28 00:09:46.130000
Random_Itemset_different_privacy_003_1e6_true,1000000,1000,0.064425,35,70,3,50,0.18668473201523622,0.19046598597603051,0.99578133071850683,0.99552561269401496,2018-05-27 22:53:56.435000,2018-05-28 00:12:19.477000
Random_Itemset_different_privacy_003_1e6_true,1000000,1000,0.064425,36,72,3,50,0.2094420024249958,0.18537416178224414,0.99598882416182855,0.99581929731663565,2018-05-27 22:53:56.435000,2018-05-28 00:14:47.068000
Random_Itemset_different_privacy_003_1e6_true,1000000,1000,0.064425,37,74,3,50,0.20848347301939926,0.21422722429158192,0.99535450387251778,0.99577531376697159,2018-05-27 22:53:56.435000,2018-05-28 00:17:15.789000
Random_Itemset_different_privacy_003_1e6_true,1000000,1000,0.064425,38,76,3,50,0.20912915042212288,0.21903791173419576,0.99548972859234297,0.99573990095339782,2018-05-27 22:53:56.435000,2018-05-28 00:19:42.100000
Random_Itemset_different_privacy_003_1e6_true,1000000,1000,0.064425,39,78,3,50,0.21935017260052908,0.22130525049926453,0.99560643206888977,0.99584046134607362,2018-05-27 22:53:56.435000,2018-05-28 00:22:22.934000
Random_Itemset_different_privacy_003_1e6_true,1000000,1000,0.064425,40,80,3,50,0.21297235453862684,0.22335824689069725,0.9954908202544257,0.99530399284307536,2018-05-27 22:53:56.435000,2018-05-28 00:24:56.633000
Dataset,User Number,Itemset Size,Dummy Item Proportion,k,Candidate Set Size,Privacy_Parameter,User Itemset Size,RE1,RE2,NDCG1,NDCG2,Start Time,Finishe Time
Random_Itemset_different_privacy_003_5e5_true_6,500000,1000,0.065964,1,2,3,50,0.057497752717169212,0.032505516057857328,0.99690000000000012,0.99709999999999999,2018-06-01 18:10:27.913000,2018-06-01 18:12:19.795000
Random_Itemset_different_privacy_003_5e5_true_6,500000,1000,0.065964,2,4,3,50,0.083419242011558009,0.040154874145406992,0.99649999999999994,0.99730000000000008,2018-06-01 18:10:27.913000,2018-06-01 18:13:29.779000
Random_Itemset_different_privacy_003_5e5_true_6,500000,1000,0.065964,3,6,3,50,0.10035290854138057,0.04591057129948993,0.9961122250401182,0.99746426254680465,2018-06-01 18:10:27.913000,2018-06-01 18:14:45.021000
Random_Itemset_different_privacy_003_5e5_true_6,500000,1000,0.065964,4,8,3,50,0.058313622793322285,0.022152523438066628,0.99584218177895401,0.99757527270650515,2018-06-01 18:10:27.913000,2018-06-01 18:15:59.576000
Random_Itemset_different_privacy_003_5e5_true_6,500000,1000,0.065964,5,10,3,50,0.086965393111280861,0.03100543312547448,0.9956036565355102,0.99793734036991211,2018-06-01 18:10:27.913000,2018-06-01 18:17:14.721000
Random_Itemset_different_privacy_003_5e5_true_6,500000,1000,0.065964,6,12,3,50,0.10082108275271218,0.045402615066140538,0.99581646998657281,0.99759798937078836,2018-06-01 18:10:27.913000,2018-06-01 18:18:32.043000
Random_Itemset_different_privacy_003_5e5_true_6,500000,1000,0.065964,7,14,3,50,0.11086704154815703,0.04236934114450111,0.99508372307440018,0.99768657310358688,2018-06-01 18:10:27.913000,2018-06-01 18:19:54.576000
Random_Itemset_different_privacy_003_5e5_true_6,500000,1000,0.065964,8,16,3,50,0.078739997829419497,0.048628125178209594,0.99547867940557055,0.99762300289206962,2018-06-01 18:10:27.913000,2018-06-01 18:21:09.991000
Random_Itemset_different_privacy_003_5e5_true_6,500000,1000,0.065964,9,18,3,50,0.09203376426384613,0.052642511173046989,0.99541265080632912,0.99780282642720208,2018-06-01 18:10:27.913000,2018-06-01 18:22:27.245000
Random_Itemset_different_privacy_003_5e5_true_6,500000,1000,0.065964,10,20,3,50,0.098739295598673699,0.061111481947390731,0.99590516959254871,0.99820007504411024,2018-06-01 18:10:27.913000,2018-06-01 18:23:42.078000
Random_Itemset_different_privacy_003_5e5_true_6,500000,1000,0.065964,11,22,3,50,0.092520715757289401,0.070176261926399253,0.99527518588797381,0.99723398937119667,2018-06-01 18:10:27.913000,2018-06-01 18:24:58.068000
Random_Itemset_different_privacy_003_5e5_true_6,500000,1000,0.065964,12,24,3,50,0.10480113323612225,0.064175513479291818,0.99487408711477809,0.99740790653756206,2018-06-01 18:10:27.913000,2018-06-01 18:26:16.878000
Random_Itemset_different_privacy_003_5e5_true_6,500000,1000,0.065964,13,26,3,50,0.10234804656824829,0.073291448609223292,0.99544852179854826,0.99772956940506441,2018-06-01 18:10:27.913000,2018-06-01 18:27:39.487000
Random_Itemset_different_privacy_003_5e5_true_6,500000,1000,0.065964,14,28,3,50,0.10473288731738692,0.083048855602440033,0.99546410711905331,0.99731007584756404,2018-06-01 18:10:27.913000,2018-06-01 18:29:05.026000
Random_Itemset_different_privacy_003_5e5_true_6,500000,1000,0.065964,15,30,3,50,0.1129494992933,0.087148918695000924,0.99451821786000083,0.99721635191005153,2018-06-01 18:10:27.913000,2018-06-01 18:30:32.693000
Random_Itemset_different_privacy_003_5e5_true_6,500000,1000,0.065964,16,32,3,50,0.11562325389417816,0.10035828226927845,0.99516967211417318,0.99626169868113268,2018-06-01 18:10:27.913000,2018-06-01 18:32:00.743000
Random_Itemset_different_privacy_003_5e5_true_6,500000,1000,0.065964,17,34,3,50,0.12152788081088237,0.10230187972745459,0.9954151059373787,0.99633492784305633,2018-06-01 18:10:27.913000,2018-06-01 18:33:40.566000
Random_Itemset_different_privacy_003_5e5_true_6,500000,1000,0.065964,18,36,3,50,0.11225996173599137,0.099091670179011493,0.99480203921733246,0.99639364908537187,2018-06-01 18:10:27.913000,2018-06-01 18:35:13.463000
Random_Itemset_different_privacy_003_5e5_true_6,500000,1000,0.065964,19,38,3,50,0.11962500994696487,0.096601924112863516,0.99486269104340119,0.99603088907893511,2018-06-01 18:10:27.913000,2018-06-01 18:36:50.207000
Random_Itemset_different_privacy_003_5e5_true_6,500000,1000,0.065964,20,40,3,50,0.11286892647666273,0.11811603891008701,0.99503462977945456,0.99581096222199383,2018-06-01 18:10:27.913000,2018-06-01 18:38:19.729000
Random_Itemset_different_privacy_003_5e5_true_6,500000,1000,0.065964,21,42,3,50,0.12919333028849869,0.1130024588792965,0.99494644754930983,0.99537226488525277,2018-06-01 18:10:27.913000,2018-06-01 18:39:51.175000
Random_Itemset_different_privacy_003_5e5_true_6,500000,1000,0.065964,22,44,3,50,0.12120564711710149,0.13290550210166269,0.99473418442853312,0.99556323750659748,2018-06-01 18:10:27.913000,2018-06-01 18:41:27.661000
Random_Itemset_different_privacy_003_5e5_true_6,500000,1000,0.065964,23,46,3,50,0.14120348891154147,0.13603487631856312,0.99471077182513956,0.9951951107659569,2018-06-01 18:10:27.913000,2018-06-01 18:43:10.449000
Random_Itemset_different_privacy_003_5e5_true_6,500000,1000,0.065964,24,48,3,50,0.13989948742713326,0.14381559396294338,0.99408991784613432,0.99471728590367159,2018-06-01 18:10:27.913000,2018-06-01 18:44:44.675000
Random_Itemset_different_privacy_003_5e5_true_6,500000,1000,0.065964,25,50,3,50,0.14423706627344796,0.14212798034766286,0.99374669999973109,0.99428489915076335,2018-06-01 18:10:27.913000,2018-06-01 18:46:24.428000
Random_Itemset_different_privacy_003_5e5_true_6,500000,1000,0.065964,26,52,3,50,0.15128963977752757,0.15956827136651991,0.99412711382530072,0.99418893862721602,2018-06-01 18:10:27.913000,2018-06-01 18:47:59.515000
Random_Itemset_different_privacy_003_5e5_true_6,500000,1000,0.065964,27,54,3,50,0.1565708934842607,0.16384490395527138,0.99469632456896684,0.99429404469238347,2018-06-01 18:10:27.913000,2018-06-01 18:49:41.635000
Random_Itemset_different_privacy_003_5e5_true_6,500000,1000,0.065964,28,56,3,50,0.17190642861665636,0.1714253146429848,0.99431111488678248,0.9944445620047393,2018-06-01 18:10:27.913000,2018-06-01 18:51:23.929000
Random_Itemset_different_privacy_003_5e5_true_6,500000,1000,0.065964,29,58,3,50,0.16238219059871545,0.1621487051340415,0.99398007455285209,0.99440165136542102,2018-06-01 18:10:27.913000,2018-06-01 18:53:00.355000
Random_Itemset_different_privacy_003_5e5_true_6,500000,1000,0.065964,30,60,3,50,0.17983488977634066,0.17765056106866045,0.99429318636228259,0.99464200558511262,2018-06-01 18:10:27.913000,2018-06-01 18:54:30.992000
Random_Itemset_different_privacy_003_5e5_true_6,500000,1000,0.065964,31,62,3,50,0.19564368599552678,0.16829290520466311,0.99392830548901645,0.99378486888125972,2018-06-01 18:10:27.913000,2018-06-01 18:56:03.790000
Random_Itemset_different_privacy_003_5e5_true_6,500000,1000,0.065964,32,64,3,50,0.1704467080062409,0.18205312045268465,0.99378696605817074,0.99409050555803602,2018-06-01 18:10:27.913000,2018-06-01 18:57:41.534000
Random_Itemset_different_privacy_003_5e5_true_6,500000,1000,0.065964,33,66,3,50,0.1880857845313379,0.18233355761298747,0.99312095494496688,0.99373953385056024,2018-06-01 18:10:27.913000,2018-06-01 18:59:18.117000
Random_Itemset_different_privacy_003_5e5_true_6,500000,1000,0.065964,34,68,3,50,0.18764376027370738,0.19107912861831747,0.9935816845656964,0.99396401794160938,2018-06-01 18:10:27.913000,2018-06-01 19:01:04.261000
Random_Itemset_different_privacy_003_5e5_true_6,500000,1000,0.065964,35,70,3,50,0.19225811191562189,0.20762924201659877,0.99356465344804634,0.99367866862368115,2018-06-01 18:10:27.913000,2018-06-01 19:02:53.592000
Random_Itemset_different_privacy_003_5e5_true_6,500000,1000,0.065964,36,72,3,50,0.214570405548936,0.20017345522018001,0.99343452881020688,0.9938962035553669,2018-06-01 18:10:27.913000,2018-06-01 19:04:28.778000
Random_Itemset_different_privacy_003_5e5_true_6,500000,1000,0.065964,37,74,3,50,0.20925123891944267,0.20691228506833373,0.99357957792855256,0.99376736061359749,2018-06-01 18:10:27.913000,2018-06-01 19:06:18.251000
Random_Itemset_different_privacy_003_5e5_true_6,500000,1000,0.065964,38,76,3,50,0.21663918801311163,0.22911890530103621,0.99376267821301756,0.99353204988511479,2018-06-01 18:10:27.913000,2018-06-01 19:08:02.104000
Random_Itemset_different_privacy_003_5e5_true_6,500000,1000,0.065964,39,78,3,50,0.23011917336632851,0.2222388532111296,0.99331512080813644,0.99363707230851905,2018-06-01 18:10:27.913000,2018-06-01 19:09:44.430000
Random_Itemset_different_privacy_003_5e5_true_6,500000,1000,0.065964,40,80,3,50,0.21153850012348788,0.23189396373238863,0.99358483657557761,0.99409638362079666,2018-06-01 18:10:27.913000,2018-06-01 19:11:20.579000
Dataset,User Number,Itemset Size,Dummy Item Proportion,k,Candidate Set Size,Privacy_Parameter,User Itemset Size,RE1,RE2,NDCG1,NDCG2,Start Time,Finishe Time
Random_Itemset_different_privacy_003_5e5_true_6,500000,1000,0.065964,1,2,2,50,0.094124376889760594,0.094124376889760594,0.99320000000000008,0.99409999999999987,2018-06-01 21:23:10.603000,2018-06-01 21:25:14.109000
Random_Itemset_different_privacy_003_5e5_true_6,500000,1000,0.065964,2,4,2,50,0.097506044824357888,0.05553482962256194,0.99519999999999997,0.99660000000000015,2018-06-01 21:23:10.603000,2018-06-01 21:26:23.398000
Random_Itemset_different_privacy_003_5e5_true_6,500000,1000,0.065964,3,6,2,50,0.12529279600656179,0.056632028781189114,0.99431990623328426,0.99537601875334336,2018-06-01 21:23:10.603000,2018-06-01 21:27:33.469000
Random_Itemset_different_privacy_003_5e5_true_6,500000,1000,0.065964,4,8,2,50,0.090561015409919274,0.049051898376583011,0.9950540000126914,0.99652890911052305,2018-06-01 21:23:10.603000,2018-06-01 21:28:44.003000
Random_Itemset_different_privacy_003_5e5_true_6,500000,1000,0.065964,5,10,2,50,0.095500945412725094,0.032442460019289618,0.99531866848255945,0.99718322303968565,2018-06-01 21:23:10.603000,2018-06-01 21:30:11.959000
Random_Itemset_different_privacy_003_5e5_true_6,500000,1000,0.065964,6,12,2,50,0.10003020913307195,0.040437804765287431,0.99415301822655233,0.99680029546977855,2018-06-01 21:23:10.603000,2018-06-01 21:32:05.080000
Random_Itemset_different_privacy_003_5e5_true_6,500000,1000,0.065964,7,14,2,50,0.098546222635369218,0.049930021473975086,0.99472754034613065,0.99737934877611045,2018-06-01 21:23:10.603000,2018-06-01 21:34:18.816000
Random_Itemset_different_privacy_003_5e5_true_6,500000,1000,0.065964,8,16,2,50,0.12099115293285505,0.063155649573188741,0.99453092997805403,0.99728404913075774,2018-06-01 21:23:10.603000,2018-06-01 21:36:59.437000
Random_Itemset_different_privacy_003_5e5_true_6,500000,1000,0.065964,9,18,2,50,0.10092822073682908,0.066667466064160436,0.99465959803728199,0.99659272825453249,2018-06-01 21:23:10.603000,2018-06-01 21:39:40.903000
Random_Itemset_different_privacy_003_5e5_true_6,500000,1000,0.065964,10,20,2,50,0.11763369784913716,0.070590664442589338,0.99313612535282547,0.99636871756784218,2018-06-01 21:23:10.603000,2018-06-01 21:41:40.147000
Random_Itemset_different_privacy_003_5e5_true_6,500000,1000,0.065964,11,22,2,50,0.10032035089332507,0.06359888225920364,0.99535489853216463,0.99738799958840796,2018-06-01 21:23:10.603000,2018-06-01 21:43:32.629000
Random_Itemset_different_privacy_003_5e5_true_6,500000,1000,0.065964,12,24,2,50,0.091705118342049377,0.076394812793741787,0.99434300587407043,0.99678536607805623,2018-06-01 21:23:10.603000,2018-06-01 21:45:17.393000
Random_Itemset_different_privacy_003_5e5_true_6,500000,1000,0.065964,13,26,2,50,0.098956206406796171,0.075445653865083701,0.99471033802987596,0.9970661915421376,2018-06-01 21:23:10.603000,2018-06-01 21:47:04.744000
Random_Itemset_different_privacy_003_5e5_true_6,500000,1000,0.065964,14,28,2,50,0.096329131356390638,0.087521905002737183,0.9947902892429219,0.99710961988343827,2018-06-01 21:23:10.603000,2018-06-01 21:48:52.042000
Random_Itemset_different_privacy_003_5e5_true_6,500000,1000,0.065964,15,30,2,50,0.12191510243536655,0.10187908494213196,0.99383156550696761,0.99619333071809313,2018-06-01 21:23:10.603000,2018-06-01 21:50:41.982000
Random_Itemset_different_privacy_003_5e5_true_6,500000,1000,0.065964,16,32,2,50,0.132756371820099,0.11128834427062013,0.99371860084947072,0.99630857849110743,2018-06-01 21:23:10.603000,2018-06-01 21:52:39.164000
Random_Itemset_different_privacy_003_5e5_true_6,500000,1000,0.065964,17,34,2,50,0.10502260828392515,0.11506261424973356,0.99447149321188477,0.9961086903283014,2018-06-01 21:23:10.603000,2018-06-01 21:54:34.685000
Random_Itemset_different_privacy_003_5e5_true_6,500000,1000,0.065964,18,36,2,50,0.11891826700592803,0.11734256514957138,0.99441358194854035,0.99544151109455647,2018-06-01 21:23:10.603000,2018-06-01 21:56:23.916000
Random_Itemset_different_privacy_003_5e5_true_6,500000,1000,0.065964,19,38,2,50,0.12891687858661879,0.11769786044827291,0.99303121207905642,0.99501994890156609,2018-06-01 21:23:10.603000,2018-06-01 21:58:10.303000
Random_Itemset_different_privacy_003_5e5_true_6,500000,1000,0.065964,20,40,2,50,0.12027878151035762,0.12042161895713588,0.99325292790906006,0.99446695475344349,2018-06-01 21:23:10.603000,2018-06-01 22:00:05.923000
Dataset,User Number,Itemset Size,Dummy Item Proportion,k,Candidate Set Size,Privacy_Parameter,User Itemset Size,RE1,RE2,NDCG1,NDCG2,Start Time,Finishe Time
Random_Itemset_different_privacy_003_5e5_true_6,500000,1000,0.065964,1,2,1,50,0.086732859360954456,0.054366266241725927,0.99459999999999993,0.99590000000000012,2018-06-02 00:56:56.794000,2018-06-02 00:59:32.479000
Random_Itemset_different_privacy_003_5e5_true_6,500000,1000,0.065964,2,4,1,50,0.15038994891198199,0.073564423952701088,0.99210000000000009,0.9929,2018-06-02 00:56:56.794000,2018-06-02 01:01:08.635000
Random_Itemset_different_privacy_003_5e5_true_6,500000,1000,0.065964,3,6,1,50,0.14085604544234429,0.051430740933832084,0.99169459073031041,0.99359278764041381,2018-06-02 00:56:56.794000,2018-06-02 01:02:54.358000
Random_Itemset_different_privacy_003_5e5_true_6,500000,1000,0.065964,4,8,1,50,0.14675766632287265,0.057822690367584181,0.99146736374193245,0.99333693948950896,2018-06-02 00:56:56.794000,2018-06-02 01:04:49.289000
Random_Itemset_different_privacy_003_5e5_true_6,500000,1000,0.065964,5,10,1,50,0.11339315384299704,0.075532114346343993,0.99115596596624056,0.99352180096886367,2018-06-02 00:56:56.794000,2018-06-02 01:06:38.093000
Random_Itemset_different_privacy_003_5e5_true_6,500000,1000,0.065964,6,12,1,50,0.17110909588911993,0.094269406374706752,0.99029974962482537,0.9928750554573551,2018-06-02 00:56:56.794000,2018-06-02 01:08:26.129000
Random_Itemset_different_privacy_003_5e5_true_6,500000,1000,0.065964,7,14,1,50,0.16243064714575645,0.11894491859387438,0.98991876257595024,0.99243081796658505,2018-06-02 00:56:56.794000,2018-06-02 01:10:10.080000
Random_Itemset_different_privacy_003_5e5_true_6,500000,1000,0.065964,8,16,1,50,0.16073047029479665,0.12808276698760873,0.98602005956362626,0.99043510466894935,2018-06-02 00:56:56.794000,2018-06-02 01:12:02.763000
Random_Itemset_different_privacy_003_5e5_true_6,500000,1000,0.065964,9,18,1,50,0.15916840877080751,0.10331404742255131,0.98534183385909491,0.98873215739570619,2018-06-02 00:56:56.794000,2018-06-02 01:13:51.463000
Random_Itemset_different_privacy_003_5e5_true_6,500000,1000,0.065964,10,20,1,50,0.16276575380387043,0.10204520366353202,0.98887326670650122,0.99252452798387802,2018-06-02 00:56:56.794000,2018-06-02 01:15:42.736000
Random_Itemset_different_privacy_003_5e5_true_6,500000,1000,0.065964,11,22,1,50,0.18380096651946398,0.11034560230563617,0.98904320856415429,0.99208683660009012,2018-06-02 00:56:56.794000,2018-06-02 01:17:56.455000
Random_Itemset_different_privacy_003_5e5_true_6,500000,1000,0.065964,12,24,1,50,0.14405791193021472,0.11538535620333668,0.98889064375401792,0.99237880829662684,2018-06-02 00:56:56.794000,2018-06-02 01:20:13.916000
Random_Itemset_different_privacy_003_5e5_true_6,500000,1000,0.065964,13,26,1,50,0.18300797784141173,0.14273266727327522,0.98811340999230757,0.99200529237146307,2018-06-02 00:56:56.794000,2018-06-02 01:22:45.849000
Random_Itemset_different_privacy_003_5e5_true_6,500000,1000,0.065964,14,28,1,50,0.18832018866053635,0.12889878500097149,0.98995030368428816,0.99268781766697101,2018-06-02 00:56:56.794000,2018-06-02 01:24:45.352000
Random_Itemset_different_privacy_003_5e5_true_6,500000,1000,0.065964,15,30,1,50,0.14866806088682968,0.13815737174885628,0.98791001634643238,0.99076392349382059,2018-06-02 00:56:56.794000,2018-06-02 01:26:38.020000
Random_Itemset_different_privacy_003_5e5_true_6,500000,1000,0.065964,16,32,1,50,0.15608202016533479,0.12638431613909265,0.98817915092403241,0.99160814337783487,2018-06-02 00:56:56.794000,2018-06-02 01:28:27.849000
Random_Itemset_different_privacy_003_5e5_true_6,500000,1000,0.065964,17,34,1,50,0.21311525604812415,0.1722655658072258,0.98574338286077035,0.99068431432909798,2018-06-02 00:56:56.794000,2018-06-02 01:30:24.704000
Random_Itemset_different_privacy_003_5e5_true_6,500000,1000,0.065964,18,36,1,50,0.17777962862512825,0.16428861156493663,0.98769374631639606,0.99168696174004578,2018-06-02 00:56:56.794000,2018-06-02 01:32:20.147000
Random_Itemset_different_privacy_003_5e5_true_6,500000,1000,0.065964,19,38,1,50,0.19050360412165773,0.21518082169675751,0.98541999799850699,0.9883794118459488,2018-06-02 00:56:56.794000,2018-06-02 01:34:14.528000
Random_Itemset_different_privacy_003_5e5_true_6,500000,1000,0.065964,20,40,1,50,0.18711066853217101,0.20251911734660277,0.98709365004761052,0.9895494386060012,2018-06-02 00:56:56.794000,2018-06-02 01:36:16.015000
Dataset,User Number,Itemset Size,Dummy Item Proportion,k,Candidate Set Size,Privacy_Parameter,User Itemset Size,RE1,RE2,NDCG1,NDCG2,Start Time,Finishe Time
Dataset,User Number,Itemset Size,Dummy Item Proportion,k,Candidate Set Size,Privacy_Parameter,User Itemset Size,RE1,RE2,NDCG1,NDCG2,Start Time,Finishe Time
Random_Itemset_different_privacy_003_5e5_true_6,500000,1000,0.065964,10,20,0.5,50,0.32500839750596533,0.18085718065577805,0.93758011752625736,0.9359098005587454,2018-06-02 19:30:40.397000,2018-06-02 19:32:56.217000
Random_Itemset_different_privacy_003_5e5_true_6,500000,1000,0.065964,10,20,1.0,50,0.16094974649928012,0.1013375745378174,0.98948754119917859,0.99372086490694544,2018-06-02 19:30:40.397000,2018-06-02 19:34:22.670000
Random_Itemset_different_privacy_003_5e5_true_6,500000,1000,0.065964,10,20,1.5,50,0.12484524845931522,0.057963153927793422,0.99229264446775822,0.99437940616263043,2018-06-02 19:30:40.397000,2018-06-02 19:35:53.060000
Random_Itemset_different_privacy_003_5e5_true_6,500000,1000,0.065964,10,20,2.0,50,0.095460024916910399,0.050785185987856772,0.99505207240554605,0.9978166544763637,2018-06-02 19:30:40.397000,2018-06-02 19:37:19.625000
Random_Itemset_different_privacy_003_5e5_true_6,500000,1000,0.065964,10,20,2.5,50,0.099136591322348658,0.033070411196440233,0.99490780942686374,0.99796333128189829,2018-06-02 19:30:40.397000,2018-06-02 19:38:48.427000
Random_Itemset_different_privacy_003_5e5_true_6,500000,1000,0.065964,10,20,3.0,50,0.093790621307106997,0.036773611286112687,0.99576225644908489,0.99787957530150173,2018-06-02 19:30:40.397000,2018-06-02 19:40:15.477000
Random_Itemset_different_privacy_003_5e5_true_6,500000,1000,0.065964,10,20,3.5,50,0.080313160426905089,0.030296139079868938,0.99589496230738794,0.99793723791670652,2018-06-02 19:30:40.397000,2018-06-02 19:41:36.881000
Random_Itemset_different_privacy_003_5e5_true_6,500000,1000,0.065964,10,20,4.0,50,0.088058538985230334,0.033039762851758928,0.99585110398238397,0.99810360247932439,2018-06-02 19:30:40.397000,2018-06-02 19:43:01.833000
Random_Itemset_different_privacy_003_5e5_true_6,500000,1000,0.065964,10,20,4.5,50,0.082010648870737293,0.031062560634125075,0.99588183692514198,0.99789661430749277,2018-06-02 19:30:40.397000,2018-06-02 19:44:25.928000
Random_Itemset_different_privacy_003_5e5_true_6,500000,1000,0.065964,10,20,5.0,50,0.081487371968494857,0.029708215368118702,0.99497143050657078,0.99767699482308037,2018-06-02 19:30:40.397000,2018-06-02 19:45:43.914000
Dataset,User Number,Itemset Size,Dummy Item Proportion,k,Candidate Set Size,Privacy_Parameter,User Itemset Size,RE1,RE2,NDCG1,NDCG2,Precision1,Precision2,Start Time,Finishe Time
Dataset,User Number,Itemset Size,Dummy Item Proportion,k,Candidate Set Size,Privacy_Parameter,User Itemset Size,RE1,RE2,NDCG1,NDCG2,Precision1,Precision2,Start Time,Finishe Time
T40I10D100K.dat_items,100000,1000,10.86466,10,20,0.5,50,2.9359404657946073,2.8020963228464804,0.56692524160654745,0.57553773119288498,0.01,0.0,2018-06-02 22:09:56.431000,2018-06-02 22:10:24.406000
T40I10D100K.dat_items,100000,1000,10.86466,10,20,1.0,50,1.5748448116463964,1.5060669769702948,0.62640649552049188,0.63394748668229817,0.01,0.040000000000000001,2018-06-02 22:09:56.431000,2018-06-02 22:10:45.861000
T40I10D100K.dat_items,100000,1000,10.86466,10,20,1.5,50,1.1151600309603154,1.0678784598984388,0.62054978520527837,0.62069912423614082,0.0,0.02,2018-06-02 22:09:56.431000,2018-06-02 22:11:07.618000
T40I10D100K.dat_items,100000,1000,10.86466,10,20,2.0,50,1.0342085013430795,0.87782135076782986,0.65193001287021157,0.62813193048830818,0.080000000000000002,0.01,2018-06-02 22:09:56.431000,2018-06-02 22:11:29.736000
T40I10D100K.dat_items,100000,1000,10.86466,10,20,2.5,50,0.87072601654743964,0.76307567677827648,0.6914601847173939,0.6812573721594013,0.030000000000000006,0.02,2018-06-02 22:09:56.431000,2018-06-02 22:11:51.016000
T40I10D100K.dat_items,100000,1000,10.86466,10,20,3.0,50,0.93821815146669252,0.82048981547863931,0.72585066011035393,0.72308285490242363,0.050000000000000003,0.040000000000000001,2018-06-02 22:09:56.431000,2018-06-02 22:12:12.857000
T40I10D100K.dat_items,100000,1000,10.86466,10,20,3.5,50,0.78489920066144703,0.65944407858336507,0.72324851967424286,0.71211678798920741,0.059999999999999998,0.01,2018-06-02 22:09:56.431000,2018-06-02 22:12:38.095000
T40I10D100K.dat_items,100000,1000,10.86466,10,20,4.0,50,0.79174867823857531,0.6679794735946285,0.74550785228816063,0.74204575744828016,0.030000000000000006,0.050000000000000003,2018-06-02 22:09:56.431000,2018-06-02 22:12:59.594000
T40I10D100K.dat_items,100000,1000,10.86466,10,20,4.5,50,0.7299387961421504,0.59994789385956171,0.67755787834589121,0.67480257695733936,0.030000000000000006,0.01,2018-06-02 22:09:56.431000,2018-06-02 22:13:20.823000
T40I10D100K.dat_items,100000,1000,10.86466,10,20,5.0,50,0.77224990749618583,0.66768339432247359,0.72697707143989088,0.72294318184266892,0.040000000000000001,0.02,2018-06-02 22:09:56.431000,2018-06-02 22:13:42.497000
Dataset,User Number,Itemset Size,Dummy Item Proportion,k,Candidate Set Size,Privacy_Parameter,User Itemset Size,RE1,RE2,NDCG1,NDCG2,Precision1,Precision2,Start Time,Finishe Time
T40I10D100K.dat_items,100000,1000,10.86466,20,40,0.5,50,3.3161528686345605,3.1010099055544345,0.5732651059770083,0.55902698702770215,0.034999999999999996,0.030000000000000006,2018-06-02 22:16:36.517000,2018-06-02 22:17:05.311000
T40I10D100K.dat_items,100000,1000,10.86466,20,40,1.0,50,1.9918607591697941,1.6894933056726593,0.61478019072728984,0.58501105018081279,0.055000000000000007,0.040000000000000001,2018-06-02 22:16:36.517000,2018-06-02 22:17:28.066000
T40I10D100K.dat_items,100000,1000,10.86466,20,40,1.5,50,1.2425118752058191,1.1723802962174825,0.65711801443131068,0.6580561542502944,0.029999999999999999,0.029999999999999999,2018-06-02 22:16:36.517000,2018-06-02 22:17:50.490000
T40I10D100K.dat_items,100000,1000,10.86466,20,40,2.0,50,1.0371098981512958,0.89944981459941142,0.68469263412254222,0.66280371880856204,0.070000000000000007,0.050000000000000003,2018-06-02 22:16:36.517000,2018-06-02 22:18:13.078000
T40I10D100K.dat_items,100000,1000,10.86466,20,40,2.5,50,0.98649524174770065,0.7375682430196947,0.67591085757740854,0.64790171366062177,0.13500000000000001,0.059999999999999998,2018-06-02 22:16:36.517000,2018-06-02 22:18:35.419000
T40I10D100K.dat_items,100000,1000,10.86466,20,40,3.0,50,0.96937875247135119,0.80473495632460668,0.68517619459012846,0.67948289024260577,0.069999999999999993,0.070000000000000007,2018-06-02 22:16:36.517000,2018-06-02 22:18:57.981000
T40I10D100K.dat_items,100000,1000,10.86466,20,40,3.5,50,0.91935610627156361,0.74814566257157411,0.66941047264303422,0.65987770877896401,0.095000000000000001,0.059999999999999998,2018-06-02 22:16:36.517000,2018-06-02 22:19:20.145000
T40I10D100K.dat_items,100000,1000,10.86466,20,40,4.0,50,0.75305613758177625,0.66883709970371785,0.70290962997135409,0.67805301717841515,0.08500000000000002,0.035000000000000003,2018-06-02 22:16:36.517000,2018-06-02 22:19:43.104000
T40I10D100K.dat_items,100000,1000,10.86466,20,40,4.5,50,0.9332340796529609,0.8405511595498727,0.69710398124626305,0.6943305016011202,0.050000000000000003,0.075000000000000011,2018-06-02 22:16:36.517000,2018-06-02 22:20:10.857000
T40I10D100K.dat_items,100000,1000,10.86466,20,40,5.0,50,0.88718229925228975,0.73847157969264088,0.72787902431102647,0.69496191099082416,0.11000000000000001,0.070000000000000007,2018-06-02 22:16:36.517000,2018-06-02 22:20:47.507000
Dataset,User Number,Itemset Size,Dummy Item Proportion,k,Candidate Set Size,Privacy_Parameter,User Itemset Size,RE1,RE2,NDCG1,NDCG2,Precision1,Precision2,Start Time,Finishe Time
USCensus_items,1000000,400,0.0,20,40,0.5,47,0.24485909380577345,0.28123259681156787,0.94377829262241464,0.94567065960772845,0.54500000000000004,0.61499999999999999,2018-06-03 00:59:38.333000,2018-06-03 01:03:39.352000
USCensus_items,1000000,400,0.0,20,40,1.0,47,0.14416696539429416,0.12906534247820414,0.97979507835155122,0.98720721493944263,0.75500000000000012,0.78000000000000003,2018-06-03 00:59:38.333000,2018-06-03 01:06:43.803000
USCensus_items,1000000,400,0.0,20,40,1.5,47,0.084073176330847404,0.077885347321886123,0.98824253470117185,0.9897234524446088,0.81999999999999995,0.875,2018-06-03 00:59:38.333000,2018-06-03 01:09:15.852000
USCensus_items,1000000,400,0.0,20,40,2.0,47,0.088087436640964606,0.071376706766877129,0.9899314415654461,0.99162424876242028,0.86499999999999988,0.90999999999999992,2018-06-03 00:59:38.333000,2018-06-03 01:11:48.646000
USCensus_items,1000000,400,0.0,20,40,2.5,47,0.068933457096091777,0.05659764018342104,0.99206938578055726,0.99289672108221405,0.90000000000000002,0.91999999999999993,2018-06-03 00:59:38.333000,2018-06-03 01:14:20.010000
USCensus_items,1000000,400,0.0,20,40,3.0,47,0.069088502138886301,0.061871629155577187,0.99148529833879473,0.99264224715566218,0.87999999999999989,0.90999999999999992,2018-06-03 00:59:38.333000,2018-06-03 01:16:55.649000
USCensus_items,1000000,400,0.0,20,40,3.5,47,0.061630670627905636,0.054480506008668036,0.99144928546850031,0.99293372471811492,0.88000000000000012,0.90500000000000003,2018-06-03 00:59:38.333000,2018-06-03 01:19:27.536000
USCensus_items,1000000,400,0.0,20,40,4.0,47,0.06662942591426485,0.053049096811215245,0.99184763118815555,0.99316627591084661,0.88500000000000001,0.93999999999999984,2018-06-03 00:59:38.333000,2018-06-03 01:22:01.666000
USCensus_items,1000000,400,0.0,20,40,4.5,47,0.065292152236021445,0.060174382422199281,0.99188627552719788,0.99287129684016995,0.93000000000000005,0.92500000000000004,2018-06-03 00:59:38.333000,2018-06-03 01:24:44.632000
USCensus_items,1000000,400,0.0,20,40,5.0,47,0.064080384286485784,0.060204120029876386,0.99191818288865752,0.99324314159289973,0.875,0.91999999999999993,2018-06-03 00:59:38.333000,2018-06-03 01:28:20.294000
Dataset,User Number,Itemset Size,Dummy Item Proportion,k,Candidate Set Size,Privacy_Parameter,User Itemset Size,RE1,RE2,NDCG1,NDCG2,Precision1,Precision2,Start Time,Finishe Time
USCensus_items,1000000,400,0.0,10,20,0.5,47,0.22038507593827167,0.14326747472470597,0.95090408510145219,0.96279143136913969,0.38,0.52000000000000002,2018-06-03 15:22:07.808000,2018-06-03 15:27:37.500000
USCensus_items,1000000,400,0.0,10,20,1.0,47,0.10707660068120131,0.059274615529936271,0.98430001957558577,0.99122863940916761,0.61499999999999999,0.76000000000000001,2018-06-03 15:22:07.808000,2018-06-03 15:32:00.335000
USCensus_items,1000000,400,0.0,10,20,1.5,47,0.090117627678454645,0.045608163253959846,0.9894529452173606,0.99404695070312865,0.65499999999999992,0.77500000000000002,2018-06-03 15:22:07.808000,2018-06-03 15:36:37.709000
USCensus_items,1000000,400,0.0,10,20,2.0,47,0.078771096940982707,0.032467782723822967,0.99093757310785224,0.99550820501046522,0.71499999999999997,0.84000000000000008,2018-06-03 15:22:07.808000,2018-06-03 15:41:08.567000
USCensus_items,1000000,400,0.0,10,20,2.5,47,0.065847673723742478,0.029630023630173759,0.9913891721410929,0.99637483652554426,0.71500000000000008,0.875,2018-06-03 15:22:07.808000,2018-06-03 15:45:29.060000
USCensus_items,1000000,400,0.0,10,20,3.0,47,0.060753503569925094,0.027418216230330812,0.99292146893117272,0.99705207112532401,0.75500000000000012,0.86499999999999999,2018-06-03 15:22:07.808000,2018-06-03 15:49:47.629000
USCensus_items,1000000,400,0.0,10,20,3.5,47,0.060701536458774928,0.027022491888527244,0.99297685999227381,0.99663210536343017,0.78500000000000014,0.88000000000000012,2018-06-03 15:22:07.808000,2018-06-03 15:54:06.959000
USCensus_items,1000000,400,0.0,10,20,4.0,47,0.055229710524781164,0.024321425477656998,0.99321822454963615,0.99673758567604409,0.76999999999999991,0.85999999999999999,2018-06-03 15:22:07.808000,2018-06-03 15:59:22.419000
USCensus_items,1000000,400,0.0,10,20,4.5,47,0.05947422218115813,0.025531863270572424,0.9933110452140067,0.99645553919089269,0.77000000000000013,0.86499999999999999,2018-06-03 15:22:07.808000,2018-06-03 16:06:03.149000
USCensus_items,1000000,400,0.0,10,20,5.0,47,0.057851772261045854,0.020976237505497174,0.99346716245810318,0.99695957875745234,0.78000000000000003,0.8600000000000001,2018-06-03 15:22:07.808000,2018-06-03 16:12:20.338000
Dataset,User Number,Itemset Size,Dummy Item Proportion,k,Candidate Set Size,Privacy_Parameter,User Itemset Size,RE1,RE2,NDCG1,NDCG2,Precision1,Precision2,Start Time,Finishe Time
Random_Itemset_different_privacy_003_5e4_true,50000,1000,0.06696,30,60,2,50,0.37626494002876365,0.36023534495703396,0.91377822046006296,0.90194235778827458,0.39500000000000002,0.40000000000000002,2018-06-03 22:18:06.931000,2018-06-03 22:18:35.161000
Dataset,User Number,Itemset Size,Dummy Item Proportion,k,Candidate Set Size,Privacy_Parameter,User Itemset Size,RE1,RE2,NDCG1,NDCG2,Precision1,Precision2,Start Time,Finishe Time
Random_Itemset_different_privacy_003_5e5_true_6,500000,1000,0.065964,30,60,2,50,0.11266183014933964,0.10630475037507048,0.99284821164288461,0.99368598769032812,0.83833333333333349,0.84999999999999998,2018-06-03 22:24:58.455000,2018-06-03 22:28:13.047000
Dataset,User Number,Itemset Size,Dummy Item Proportion,k,Candidate Set Size,Privacy_Parameter,User Itemset Size,RE1,RE2,NDCG1,NDCG2,Precision1,Precision2,Start Time,Finishe Time
Normal_Itemset_different_privacy_003_5e4_true,50000,1000,0.11174,30,60,2,50,0.54302586731226565,0.43347920949697805,0.80436218915950231,0.77599898329272521,0.21833333333333335,0.18166666666666667,2018-06-04 01:09:14.740000,2018-06-04 01:09:47.048000
Dataset,User Number,Itemset Size,Dummy Item Proportion,k,Candidate Set Size,Privacy_Parameter,User Itemset Size,RE1,RE2,NDCG1,NDCG2,Precision1,Precision2,Start Time,Finishe Time
Normal_Itemset_different_privacy_003_5e5_true,500000,1000,0.108822,30,60,2,50,0.15351451612361677,0.20842551628222852,0.97365660468440018,0.97363724856075495,0.53000000000000003,0.57499999999999984,2018-06-04 01:47:21.524000,2018-06-04 01:50:47.294000
Dataset,User Number,Itemset Size,Dummy Item Proportion,k,Candidate Set Size,Privacy_Parameter,User Itemset Size,RE1,RE2,NDCG1,NDCG2,Precision1,Precision2,Start Time,Finishe Time
Normal_Itemset_different_privacy_003_5e5_true,500000,1000,0.108822,30,60,2,50,0.17590528667873281,0.20618735237851382,0.97443459828028445,0.97512110379287331,0.53499999999999992,0.55499999999999994,2018-06-04 02:45:05.930000,2018-06-04 02:48:10.345000
Dataset,User Number,Itemset Size,Dummy Item Proportion,k,Candidate Set Size,Privacy_Parameter,User Itemset Size,RE1,RE2,NDCG1,NDCG2,Precision1,Precision2,Start Time,Finishe Time
Normal_Itemset_different_privacy_003_5e5_true,500000,1000,0.108822,30,60,2,50,0.17423354772414951,0.19392670332690881,0.97492305381756805,0.97586316428334874,0.54333333333333333,0.57499999999999996,2018-06-04 02:49:19.721000,2018-06-04 02:52:52.673000
